"resno","resid","x","y","z","type","topology","ramachadran","hbonds","RMSF","amino","conservative","importance_interprotein_intractions","charge","hydrophobicity"
1,"MET",-8.785,-18.498,-18.971,"N-domain","CD",0,59.0956887486856,1.40198469161987,"M",76.9230769230769,4,-0.136743796849583,-3.4
2,"ALA",-11.567,-15.933,-19.235,"N-domain","CD",31.7560462670873,0.525762355415352,1.32373225688934,"A",38.4615384615385,6,-0.136743796849583,-1.6
3,"PRO",-14.335,-17.331,-17.467,"N-domain","CD",19.7686645636172,14.4058885383807,1.47043859958649,"P",38.4615384615385,2,-0.136743796849583,0.2
4,"TRP",-15.549,-19.434,-20.428,"N-domain","CD",0,28.9169295478444,1.57429826259613,"W",38.4615384615385,2,-0.136743796849583,-1.9
5,"PRO",-19.313,-19.773,-21.244,"N-domain","CD",0.10515247108307,42.5867507886435,2.53314399719238,"P",61.5384615384615,2,-0.136743796849583,0.2
6,"GLU",-21.082,-22.677,-19.503,"N-domain","CD",8.41219768664564,97.4763406940063,3.21846103668213,"E",76.9230769230769,0,-1.13574479585058,8.2
7,"LEU",-17.99,-24.689,-18.483,"N-domain","CD",0.420609884332282,18.8222923238696,2.99002456665039,"L",100,0,-0.136743796849583,-2.8
8,"GLY",-16.186,-22.44,-15.927,"N-domain","CD",0,1.15667718191377,2.64397096633911,"G",46.1538461538462,0,-0.136743796849583,-1
9,"ASP",-13.057,-22.408,-18.151,"N-domain","CD",0,76.5509989484753,2.59742069244385,"D",15.3846153846154,1,-1.13574479585058,9.2
10,"ALA",-11.962,-24.31,-21.297,"N-domain","CD",0,44.3743427970557,2.4946722984314,"A",30.7692307692308,2,-0.136743796849583,-1.6
11,"GLN",-9.099,-27.004,-20.862,"N-domain","CD",0,74.553101997897,3.91198706626892,"Q",53.8461538461538,0,-0.136743796849583,4.1
12,"PRO",-6.616,-27.588,-23.868,"N-domain","CD",0.315457413249211,32.1766561514196,4.74903583526611,"P",100,0,-0.136743796849583,0.2
13,"ASN",-6.208,-31.282,-23.938,"N-domain","CD",0.420609884332282,66.4563617245005,6.02935457229614,"N",46.1538461538462,0,-0.136743796849583,4.8
14,"PRO",-2.626,-32.481,-23.001,"N-domain","CD",0,33.7539432176656,7.5728907585144,"P",84.6153846153846,0,-0.136743796849583,0.2
15,"ASP",-2.172,-35.246,-25.637,"N-domain","CD",0.10515247108307,98.6330178759201,8.07348823547363,"D",15.3846153846154,0,-1.13574479585058,9.2
16,"LYS",-2.892,-32.641,-28.383,"N-domain","CD",0,74.7634069400631,6.84406709671021,"K",38.4615384615385,0,0.860750610483132,8.8
17,"TYR",-0.417,-30.017,-27.202,"N-domain","CD",0.210304942166141,60.4626708727655,7.31144189834595,"Y",23.0769230769231,0,-0.139249389516868,0.7
18,"LEU",3.316,-29.881,-27.777,"N-domain","CD",0.315457413249211,53.8380651945321,8.7376070022583,"L",15.3846153846154,1,-0.136743796849583,-2.8
19,"GLU",5.243,-31.343,-24.74,"N-domain","CD",1.15667718191377,97.4763406940063,10.1304473876953,"E",30.7692307692308,0,-1.13574479585058,8.2
20,"GLY",1.943,-31.259,-22.837,"N-domain","CD",0,33.1230283911672,10.4553518295288,"G",69.2307692307692,0,-0.136743796849583,-1
21,"ALA",1.364,-34.768,-21.424,"N-domain","CD",0,40.3785488958991,10.7978935241699,"A",69.2307692307692,0,-0.136743796849583,-1.6
22,"ALA",5.073,-34.813,-20.295,"N-domain","CD",0,31.1251314405889,11.8149681091309,"A",38.4615384615385,0,-0.136743796849583,-1.6
23,"GLY",3.976,-31.659,-18.408,"N-domain","CD",0,30.9148264984227,11.6039762496948,"G",38.4615384615385,0,-0.136743796849583,-1
24,"GLN",4.376,-28.404,-20.372,"N-domain","CD",0,71.8191377497371,10.4339876174927,"Q",15.3846153846154,0,-0.136743796849583,4.1
25,"GLN",2.192,-25.351,-19.939,"N-domain","CD",0,75.3943217665615,9.57136249542236,"Q",38.4615384615385,0,-0.136743796849583,4.1
26,"PRO",-0.021,-25.217,-23.027,"N-domain","CD",0.10515247108307,44.2691903259727,7.83163738250732,"P",15.3846153846154,0,-0.136743796849583,0.2
27,"THR",0.855,-22.669,-25.746,"N-domain","CD",4.31125131440589,80.8622502628812,6.9551043510437,"T",15.3846153846154,0,-0.136743796849583,-1.2
28,"ALA",1.244,-24.719,-29.09,"N-domain","CD",4.73186119873817,37.2239747634069,6.0085825920105,"A",15.3846153846154,1,-0.136743796849583,-1.6
29,"PRO",-0.765,-27.705,-30.451,"N-domain","CD",0.10515247108307,45.0052576235542,5.05236768722534,"P",76.9230769230769,0,-0.136743796849583,0.2
30,"ASP",1.338,-30.897,-31.226,"N-domain","CD",0.315457413249211,99.6845425867508,7.00883769989014,"D",38.4615384615385,0,-1.13574479585058,9.2
31,"LYS",3.598,-31.839,-34.322,"N-domain","CD",2.8391167192429,78.4437434279706,7.87374496459961,"K",46.1538461538462,0,0.860750610483132,8.8
32,"SER",1.867,-32.228,-37.665,"N-domain","CD",4.31125131440589,77.4973711882229,7.37299299240112,"S",30.7692307692308,0,-0.136743796849583,-0.6
33,"LYS",1.088,-35.886,-38.595,"N-domain","CD",0.525762355415352,82.7549947423764,8.8453311920166,"K",38.4615384615385,0,0.860750610483132,8.8
34,"GLU",0.177,-34.765,-42.09,"N-domain","CD",0.10515247108307,99.4742376445846,8.81856822967529,"E",30.7692307692308,0,-1.13574479585058,8.2
35,"THR",3.429,-34.587,-44.187,"N-domain","CD",0.10515247108307,77.9179810725552,9.48971652984619,"T",30.7692307692308,0,-0.136743796849583,-1.2
36,"ASN",4.848,-31.217,-45.304,"N-domain","CD",1.36698212407992,82.2292323869611,10.1289138793945,"N",15.3846153846154,0,-0.136743796849583,4.8
37,"LYS",2.116,-28.875,-43.806,"N-domain","CD",0.10515247108307,83.1756046267087,9.42062187194824,"K",38.4615384615385,0,0.860750610483132,8.8
38,"THR",4.218,-26.744,-41.421,"N-domain","CD",0,75.2891692954784,8.86602115631104,"T",76.9230769230769,0,-0.136743796849583,-1.2
39,"ASP",7.696,-25.153,-41.213,"N-domain","CD",21.1356466876972,99.2639327024185,9.4584436416626,"D",15.3846153846154,0,-1.13574479585058,9.2
40,"ASN",9.091,-24.431,-44.764,"N-domain","CD",78.3385909568875,83.8065194532071,10.482816696167,"N",7.69230769230769,0,-0.136743796849583,4.8
41,"THR",6.34,-24.365,-47.351,"N-domain","CD",71.608832807571,81.4931650893796,9.46027851104736,"T",15.3846153846154,0,-0.136743796849583,-1.2
42,"GLU",3.532,-23.895,-44.783,"N-domain","CD",0.630914826498423,98.6330178759201,6.92760848999023,"E",7.69230769230769,0,-1.13574479585058,8.2
43,"ALA",-0.217,-24.47,-44.702,"N-domain","CD",0.210304942166141,50.3680336487907,5.9529504776001,"A",23.0769230769231,0,-0.136743796849583,-1.6
44,"PRO",-2.27,-23.478,-41.643,"N-domain","CD",0,47.739221871714,4.3603663444519,"P",84.6153846153846,0,-0.136743796849583,0.2
45,"VAL",-2.487,-26.528,-39.258,"N-domain","CD",0.210304942166141,42.2712933753943,2.84095907211304,"V",38.4615384615385,0,-0.136743796849583,-2.6
46,"THR",-5.224,-25.536,-36.803,"N-domain","CD",0.315457413249211,76.130389064143,2.03755116462708,"T",23.0769230769231,0,-0.136743796849583,-1.2
47,"LYS",-7.943,-28.152,-37.091,"N-domain","CD",0.10515247108307,78.3385909568875,2.67122101783752,"K",38.4615384615385,0,0.860750610483132,8.8
48,"ILE",-11.522,-27.153,-35.987,"N-domain","CD",0,51.2092534174553,2.72781562805176,"I",30.7692307692308,0,-0.136743796849583,-3.1
49,"GLU",-11.802,-30.127,-33.556,"N-domain","CD",0,99.2639327024185,3.3186891078949,"E",38.4615384615385,0,-1.13574479585058,8.2
50,"LEU",-9.14,-28.761,-31.286,"N-domain","CD",0,38.0651945320715,2.82582330703735,"L",38.4615384615385,0,-0.136743796849583,-2.8
51,"LEU",-10.685,-25.288,-31.009,"N-domain","CD",0,45.8464773922187,2.21050906181335,"L",69.2307692307692,1,-0.136743796849583,-2.8
52,"PRO",-13.581,-24.36,-28.673,"N-domain","CD",0,29.863301787592,2.34966611862183,"P",46.1538461538462,1,-0.136743796849583,0.2
53,"SER",-17.047,-23.919,-30.471,"N-domain","CD",3.36487907465825,83.4910620399579,2.43311524391174,"S",30.7692307692308,0,-0.136743796849583,-0.6
54,"TYR",-16.978,-20.078,-31.103,"N-domain","CD",5.46792849631966,76.130389064143,2.19915199279785,"Y",30.7692307692308,1,-0.139249389516868,0.7
55,"SER",-17.143,-18.13,-34.365,"N-domain","CD",0.630914826498423,72.6603575184017,3.36156630516052,"S",53.8461538461538,1,-0.136743796849583,-0.6
56,"THR",-15.375,-14.708,-34.833,"N-domain","CD",1.89274447949527,69.7160883280757,6.01231288909912,"T",23.0769230769231,0,-0.136743796849583,-1.2
57,"ALA",-17.318,-11.677,-35.929,"N-domain","CD",1.47213459516299,53.2071503680337,8.37992477416992,"A",23.0769230769231,0,-0.136743796849583,-1.6
58,"THR",-16.179,-9.111,-38.599,"N-domain","CD",42.7970557308097,83.8065194532071,10.5095987319946,"T",23.0769230769231,0,-0.136743796849583,-1.2
59,"LEU",-17.663,-11.161,-40.699,"N-domain","CD",0,35.2260778128286,9.53672122955322,"L",38.4615384615385,0,-0.136743796849583,-2.8
60,"ILE",-18.92,-14.239,-38.801,"N-domain","CD",0.210304942166141,57.2029442691903,7.50930166244507,"I",38.4615384615385,0,-0.136743796849583,-3.1
61,"ASP",-19.261,-17.77,-40.471,"N-domain","CD",5.57308096740273,99.5793901156677,6.5604362487793,"D",15.3846153846154,1,-1.13574479585058,9.2
62,"GLU",-17.641,-17.007,-43.745,"N-domain","CD",0,99.8948475289169,6.71423006057739,"E",76.9230769230769,0,-1.13574479585058,8.2
63,"PRO",-14.291,-18.811,-44.275,"N-domain","CD",0,39.2218717139853,6.44786262512207,"P",30.7692307692308,0,-0.136743796849583,0.2
64,"THR",-12.921,-15.404,-45.43,"N-domain","CD",0.10515247108307,78.9695057833859,5.67812776565552,"T",23.0769230769231,0,-0.136743796849583,-1.2
65,"GLU",-10.414,-13.608,-43.183,"N-domain","CD",8.09674027339642,99.4742376445846,4.07591438293457,"E",76.9230769230769,0,-1.13574479585058,8.2
66,"VAL",-11.757,-11.854,-39.919,"N-domain","CD",8.72765509989485,22.6077812828601,2.6389753818512,"V",23.0769230769231,2,-0.136743796849583,-2.6
67,"ASP",-10.856,-8.464,-38.589,"N-domain","CD",0.10515247108307,98.7381703470031,1.9252028465271,"D",15.3846153846154,1,-1.13574479585058,9.2
68,"ASP",-8.519,-9.216,-35.686,"N-domain","CD",0.420609884332282,97.4763406940063,1.4203132390976,"D",84.6153846153846,1,-1.13574479585058,9.2
69,"PRO",-9.977,-10.44,-32.353,"N-domain","CD",0,36.0672975814932,1.21805560588837,"P",100,2,-0.136743796849583,0.2
70,"TRP",-6.669,-9.895,-30.551,"N-domain","CD",0.315457413249211,39.8527865404837,1.09994399547577,"W",61.5384615384615,3,-0.136743796849583,-1.9
71,"ASN",-3.405,-7.869,-31.102,"N-domain","CD",0.10515247108307,62.9863301787592,1.28866720199585,"N",15.3846153846154,1,-0.136743796849583,4.8
72,"LEU",-1.236,-10.121,-33.222,"N-domain","CD",0,44.2691903259727,1.07272267341614,"L",61.5384615384615,1,-0.136743796849583,-2.8
73,"PRO",1.774,-10.977,-32.925,"N-domain","CD",0.315457413249211,43.8485804416404,1.06877934932709,"P",46.1538461538462,2,-0.136743796849583,0.2
74,"THR",0.996,-12.633,-29.639,"N-domain","CD",0,58.8853838065195,1.30680525302887,"T",15.3846153846154,2,-0.136743796849583,-1.2
75,"LEU",2.321,-14.959,-26.964,"N-domain","CD",37.7497371188223,50.68349106204,1.81202077865601,"L",61.5384615384615,0,-0.136743796849583,-2.8
76,"GLN",5.799,-14.685,-25.231,"N-domain","CD",0.10515247108307,75.2891692954784,1.96645045280457,"Q",61.5384615384615,2,-0.136743796849583,4.1
77,"ASP",7.508,-16.443,-28.26,"N-domain","CD",0,98.3175604626709,1.8751415014267,"D",46.1538461538462,0,-1.13574479585058,9.2
78,"SER",6.062,-13.743,-30.66,"N-domain","CD",11.4616193480547,59.8317560462671,1.56740057468414,"S",15.3846153846154,0,-0.136743796849583,-0.6
79,"GLY",6.641,-13.487,-34.39,"N-domain","CD",0,9.2534174553102,1.43110680580139,"G",38.4615384615385,1,-0.136743796849583,-1
80,"ILE",5.014,-14.891,-37.622,"N-domain","CD",0,55.4153522607781,1.30453634262085,"I",30.7692307692308,1,-0.136743796849583,-3.1
81,"LYS",3.628,-18.396,-36.642,"N-domain","CD",0,82.8601472134595,1.55561566352844,"K",38.4615384615385,0,0.860750610483132,8.8
82,"TRP",1.952,-16.566,-33.784,"N-domain","CD",0,18.8222923238696,1.26471161842346,"W",53.8461538461538,3,-0.136743796849583,-1.9
83,"SER",0.57,-14.014,-36.341,"N-domain","CD",0.315457413249211,44.5846477392219,1.20423126220703,"S",53.8461538461538,1,-0.136743796849583,-0.6
84,"GLU",-1.728,-16.454,-38.32,"N-domain","CD",3.78548895899054,99.2639327024185,1.5007803440094,"E",61.5384615384615,0,-1.13574479585058,8.2
85,"ARG",-3.722,-15.252,-41.359,"N-domain","CD",0,86.540483701367,1.59277641773224,"R",38.4615384615385,0,0.863231084917044,12.3
86,"ASP",-6.158,-18.296,-40.897,"N-domain","CD",0,96.8454258675079,1.62722754478455,"D",38.4615384615385,0,-1.13574479585058,9.2
87,"THR",-9.417,-17.587,-38.898,"N-domain","CD",0,61.198738170347,1.57037746906281,"T",38.4615384615385,1,-0.136743796849583,-1.2
88,"LYS",-8.951,-20.937,-37.126,"N-domain","CD",0.10515247108307,64.248159831756,1.5629209280014,"K",38.4615384615385,0,0.860750610483132,8.8
89,"GLY",-5.448,-19.674,-36.254,"N-domain","CD",0,1.15667718191377,1.37098205089569,"G",46.1538461538462,0,-0.136743796849583,-1
90,"LYS",-6.569,-16.272,-35.13,"N-domain","CD",0,35.1209253417455,1.24020946025848,"K",76.9230769230769,3,0.860750610483132,8.8
91,"ILE",-9.095,-17.918,-32.763,"N-domain","CD",0,0,1.29737269878387,"I",30.7692307692308,0,-0.136743796849583,-3.1
92,"LEU",-6.286,-20.232,-31.589,"N-domain","CD",0,1.0515247108307,1.22651815414429,"L",38.4615384615385,1,-0.136743796849583,-2.8
93,"CYS",-3.963,-17.295,-30.782,"N-domain","CD",0,3.04942166140904,1.1790257692337,"C",38.4615384615385,3,-0.210331352967156,-2
94,"PHE",-6.809,-15.417,-28.901,"N-domain","CD",0,18.1913774973712,1.17393565177917,"F",7.69230769230769,3,-0.136743796849583,-3.7
95,"PHE",-7.623,-18.507,-26.786,"N-domain","CD",0,18.6119873817035,1.13253927230835,"F",38.4615384615385,3,-0.136743796849583,-3.7
96,"GLN",-4.01,-19.175,-25.772,"N-domain","CD",0,61.0935856992639,1.25068092346191,"Q",38.4615384615385,1,-0.136743796849583,4.1
97,"GLY",-4.288,-15.608,-24.231,"N-domain","CD",0,34.7003154574132,1.31708598136902,"G",46.1538461538462,0,-0.136743796849583,-1
98,"ILE",-6.882,-14.331,-21.804,"N-domain","CD",65.720294426919,37.8548895899054,1.41249310970306,"I",30.7692307692308,1,-0.136743796849583,-3.1
99,"GLY",-6.456,-14.174,-17.984,"N-domain","CD",0,9.77917981072555,1.61834061145782,"G",38.4615384615385,1,-0.136743796849583,-1
100,"ARG",-2.726,-15.176,-17.841,"N-domain","CD",1.47213459516299,70.8727655099895,1.62176990509033,"R",15.3846153846154,1,0.863231084917044,12.3
101,"LEU",0.357,-14.7,-15.622,"N-domain","CD",14.0904311251314,25.6572029442692,2.30766582489014,"L",23.0769230769231,0,-0.136743796849583,-2.8
102,"ILE",2.03,-11.858,-17.664,"TM1","TMD",0,42.5867507886435,2.85628724098206,"I",38.4615384615385,1,-0.136743796849583,-3.1
103,"LEU",-0.711,-9.391,-16.603,"TM1","TMD",0.10515247108307,40.273396424816,2.29025816917419,"L",76.9230769230769,0,-0.136743796849583,-2.8
104,"LEU",0.688,-9.535,-12.99,"TM1","TMD",0,0.315457413249211,1.42977857589722,"L",61.5384615384615,1,-0.136743796849583,-2.8
105,"LEU",4.466,-10.102,-13.641,"TM1","TMD",0,1.0515247108307,1.63808524608612,"L",92.3076923076923,0,-0.136743796849583,-2.8
106,"GLY",5.681,-6.406,-14.053,"TM1","TMD",0,11.6719242902208,1.46652328968048,"G",61.5384615384615,0,-0.136743796849583,-1
107,"PHE",3.735,-5.384,-10.923,"TM1","TMD",0,2.10304942166141,1.15048849582672,"F",76.9230769230769,2,-0.136743796849583,-3.7
108,"LEU",5.593,-8.251,-9.093,"TM1","TMD",0,10.7255520504732,1.35874807834625,"L",100,2,-0.136743796849583,-2.8
109,"TYR",9.019,-7.464,-10.672,"TM1","TMD",1.15667718191377,49.4216614090431,1.55497062206268,"Y",100,1,-0.139249389516868,0.7
110,"PHE",8.827,-3.637,-10.056,"TM1","TMD",0,0.525762355415352,1.35645914077759,"F",46.1538461538462,3,-0.136743796849583,-3.7
111,"PHE",5.611,-2.248,-8.262,"TM1","TMD",0,0.736067297581493,1.16737997531891,"F",100,2,-0.136743796849583,-3.7
112,"VAL",5.441,-4.768,-5.287,"TM1","TMD",0,0.946372239747634,1.13249969482422,"V",76.9230769230769,1,-0.136743796849583,-2.6
113,"CYS",9.212,-4.054,-4.717,"TM1","TMD",0,10.7255520504732,1.26096951961517,"C",100,1,-0.210331352967156,-2
114,"SER",8.759,-0.438,-4.905,"TM1","TMD",0,0.315457413249211,1.2147091627121,"S",100,1,-0.136743796849583,-0.6
115,"LEU",5.688,-0.61,-2.637,"TM1","TMD",0,5.25762355415352,1.0787605047226,"L",100,2,-0.136743796849583,-2.8
116,"ASP",7.511,-2.934,-0.171,"TM1","TMD",0,80.4416403785489,1.13099575042725,"D",100,2,-1.13574479585058,9.2
117,"ILE",10.552,-0.454,-0.028,"TM1","TMD",0,0,1.21234440803528,"I",30.7692307692308,2,-0.136743796849583,-3.1
118,"LEU",8.035,2.467,0.619,"TM1","TMD",0,0,1.13153886795044,"L",100,1,-0.136743796849583,-2.8
119,"SER",6.095,0.592,3.213,"TM1","TMD",0,48.6855941114616,1.04464113712311,"S",100,1,-0.136743796849583,-0.6
120,"SER",9.223,-0.487,5.085,"TM1","TMD",0,30.8096740273396,1.11304795742035,"S",100,1,-0.136743796849583,-0.6
121,"ALA",10.601,3.147,5.142,"TM1","TMD",0,0,1.15898442268372,"A",100,1,-0.136743796849583,-1.6
122,"PHE",7.499,4.416,7.061,"TM1","TMD",0,0.315457413249211,1.11390614509583,"F",100,4,-0.136743796849583,-3.7
123,"GLN",7.78,1.648,9.843,"TM1","TMD",0,62.1451104100946,1.26110672950745,"Q",100,2,-0.136743796849583,4.1
124,"LEU",11.626,1.808,9.763,"TM1","TMD",0,0.736067297581493,1.4825621843338,"L",100,3,-0.136743796849583,-2.8
125,"VAL",11.507,5.303,11.32,"TM1","TMD",0,1.7875920084122,1.63745093345642,"V",38.4615384615385,1,-0.136743796849583,-2.6
126,"GLY",9.147,4.079,14.216,"EMD2","ECD",0,2.10304942166141,1.68884706497192,"G",100,2,-0.136743796849583,-1
127,"GLY",6.081,5.629,12.393,"EMD2","ECD",0,35.9621451104101,1.50356125831604,"G",76.9230769230769,0,-0.136743796849583,-1
128,"LYS",7.511,9.233,12.315,"EMD2","ECD",0,72.4500525762355,1.6794365644455,"K",100,2,0.860750610483132,8.8
129,"MET",5.822,11.637,9.853,"EMD2","ECD",0,46.5825446898002,1.66217768192291,"M",38.4615384615385,1,-0.136743796849583,-3.4
130,"ALA",5.582,11.434,6.85,"EMD2","ECD",7.67613038906414,0,1.60741698741913,"A",100,2,-0.136743796849583,-1.6
131,"GLY",1.906,12.606,7.189,"EMD2","ECD",0,44.6898002103049,1.58647561073303,"G",100,0,-0.136743796849583,-1
132,"GLN",0.321,13.638,10.525,"EMD2","ECD",0.420609884332282,39.4321766561514,1.6638331413269,"Q",30.7692307692308,0,-0.136743796849583,4.1
133,"PHE",-3.146,15.019,11.214,"EMD2","ECD",0,43.8485804416404,1.65508139133453,"F",38.4615384615385,4,-0.136743796849583,-3.7
134,"PHE",-2.74,18.759,12.167,"EMD2","ECD",0,27.6550998948475,1.93766677379608,"F",100,2,-0.136743796849583,-3.7
135,"SER",-5.606,21.385,12.146,"EMD2","ECD",0.10515247108307,55.6256572029443,2.11520433425903,"S",30.7692307692308,0,-0.136743796849583,-0.6
136,"ASN",-4.106,24.776,13.015,"EMD2","ECD",16.2986330178759,50.3680336487907,2.63042688369751,"N",38.4615384615385,0,-0.136743796849583,4.8
137,"SER",-5.791,25.908,16.336,"EMD2","ECD",0,59.9369085173502,2.83556866645813,"S",15.3846153846154,0,-0.136743796849583,-0.6
138,"SER",-4.349,27.746,19.457,"EMD2","ECD",5.88853838065195,72.0294426919033,2.80260109901428,"S",38.4615384615385,0,-0.136743796849583,-0.6
139,"ILE",-0.544,27.661,20.221,"EMD2","ECD",0,43.7434279705573,2.93775463104248,"I",76.9230769230769,0,-0.136743796849583,-3.1
140,"MET",-0.536,24.835,17.644,"EMD2","ECD",0,34.4900105152471,3.07341146469116,"M",38.4615384615385,1,-0.136743796849583,-3.4
141,"SER",-1.128,27.119,14.618,"EMD2","ECD",0.841219768664564,55.0998948475289,3.00614714622498,"S",92.3076923076923,0,-0.136743796849583,-0.6
142,"ASN",1.366,27.349,11.886,"loop1","loop",9.2534174553102,36.0672975814932,2.80883526802063,"N",100,0,-0.136743796849583,4.8
143,"PRO",0.386,27.742,8.082,"loop1","loop",0,1.36698212407992,2.84469437599182,"P",100,0,-0.136743796849583,0.2
144,"LEU",3.17,25.453,6.709,"loop1","loop",0,0,2.49756479263306,"L",23.0769230769231,1,-0.136743796849583,-2.8
145,"LEU",1.132,22.443,8.075,"loop1","loop",0,0.10515247108307,2.23454475402832,"L",15.3846153846154,1,-0.136743796849583,-2.8
146,"GLY",-1.16,22.333,4.785,"loop1","loop",0,0.10515247108307,2.09688901901245,"G",100,0,-0.136743796849583,-1
147,"LEU",1.722,20.511,3.125,"loop1","loop",0,0,2.02826237678528,"L",92.3076923076923,0,-0.136743796849583,-2.8
148,"VAL",1.912,17.832,5.92,"loop1","loop",0,0,1.79559278488159,"V",100,1,-0.136743796849583,-2.6
149,"ILE",-1.837,17.267,5.147,"loop1","loop",0,1.0515247108307,1.72312486171722,"I",61.5384615384615,2,-0.136743796849583,-3.1
150,"GLY",-0.45,17.041,1.506,"loop1","loop",0,0,1.73797726631165,"G",100,0,-0.136743796849583,-1
151,"VAL",1.565,13.951,2.564,"loop1","loop",0,0.10515247108307,1.59273886680603,"V",61.5384615384615,3,-0.136743796849583,-2.6
152,"LEU",-1.633,12.039,3.609,"loop1","loop",0,24.0799158780231,1.49719560146332,"L",92.3076923076923,2,-0.136743796849583,-2.8
153,"VAL",-3.183,12.648,0.246,"loop1","loop",0,0.10515247108307,1.43973684310913,"V",100,1,-0.136743796849583,-2.6
154,"THR",0.213,11.962,-1.404,"loop1","loop",0,2.62881177707676,1.3939323425293,"T",100,1,-0.136743796849583,-1.2
155,"VAL",0.709,8.438,0.028,"loop1","loop",0,1.89274447949527,1.3162032365799,"V",92.3076923076923,2,-0.136743796849583,-2.6
156,"LEU",-2.839,7.273,-1.176,"loop1","loop",0,33.9642481598318,1.25819039344788,"L",84.6153846153846,2,-0.136743796849583,-2.8
157,"VAL",-1.81,8.444,-4.671,"loop1","loop",0,37.7497371188223,1.19171833992004,"V",100,2,-0.136743796849583,-2.6
158,"GLN",1.253,6.152,-4.124,"loop1","loop",0,25.9726603575184,1.17676198482513,"Q",100,3,-0.136743796849583,4.1
159,"SER",-1.155,3.189,-3.36,"loop1","loop",7.36067297581493,41.0094637223975,1.08441686630249,"S",100,1,-0.136743796849583,-0.6
160,"SER",-0.111,3.143,0.328,"loop1","loop",0.10515247108307,34.0694006309148,1.05742633342743,"S",100,0,-0.136743796849583,-0.6
161,"SER",-3.143,2.152,2.395,"loop1","loop",0.10515247108307,8.72765509989485,1.70087850093842,"S",100,2,-0.136743796849583,-0.6
162,"THR",-0.774,1.269,5.27,"loop1","loop",0,57.8338590956887,1.3771744966507,"T",100,1,-0.136743796849583,-1.2
163,"SER",0.751,4.809,5.449,"loop1","loop",0,28.6014721345952,1.49775671958923,"S",92.3076923076923,2,-0.136743796849583,-0.6
164,"THR",-2.724,6.477,5.964,"loop1","loop",0,49.4216614090431,1.61016821861267,"T",61.5384615384615,0,-0.136743796849583,-1.2
165,"SER",-3.781,3.545,8.186,"loop1","loop",0,52.5762355415352,1.39063203334808,"S",100,1,-0.136743796849583,-0.6
166,"ILE",-0.888,3.859,10.825,"loop1","loop",0,0.10515247108307,1.33604454994202,"I",100,3,-0.136743796849583,-3.1
167,"VAL",-1.779,7.672,11.38,"loop1","loop",0,3.5751840168244,1.58339619636536,"V",53.8461538461538,2,-0.136743796849583,-2.6
168,"VAL",-5.491,6.708,11.71,"loop1","loop",0,0.210304942166141,1.86176717281342,"V",100,0,-0.136743796849583,-2.6
169,"SER",-4.72,3.893,14.185,"loop1","loop",0,42.5867507886435,1.76160931587219,"S",100,1,-0.136743796849583,-0.6
170,"MET",-2.384,6.097,16.162,"loop1","loop",0,29.9684542586751,1.91940259933472,"M",100,2,-0.136743796849583,-3.4
171,"VAL",-4.887,8.934,16.54,"loop1","loop",0,35.2260778128286,2.33614063262939,"V",100,2,-0.136743796849583,-2.6
172,"SER",-8.065,6.801,16.983,"loop1","loop",1.26182965299685,37.8548895899054,2.6516740322113,"S",53.8461538461538,1,-0.136743796849583,-0.6
173,"SER",-6.678,4.11,19.202,"EMD3","ECD",17.1398527865405,63.3017875920084,2.90792179107666,"S",92.3076923076923,0,-0.136743796849583,-0.6
174,"SER",-3.052,4.847,20.028,"EMD3","ECD",9.88433228180862,48.7907465825447,2.57166314125061,"S",38.4615384615385,2,-0.136743796849583,-0.6
175,"LEU",-1.817,1.603,18.28,"EMD3","ECD",0,6.62460567823344,2.123779296875,"L",92.3076923076923,1,-0.136743796849583,-2.8
176,"LEU",1.443,1.541,16.229,"EMD3","ECD",0,48.8958990536278,2.04050707817078,"L",100,3,-0.136743796849583,-2.8
177,"THR",0.391,-1.585,14.364,"TM2","TMD",0.10515247108307,65.2996845425868,2.21153450012207,"T",46.1538461538462,1,-0.136743796849583,-1.2
178,"VAL",-1.53,-2.249,11.156,"TM2","TMD",0,22.5026288117771,1.96056842803955,"V",100,1,-0.136743796849583,-2.6
179,"ARG",-1.763,-6.061,11.806,"TM2","TMD",1.57728706624606,74.65825446898,1.74701583385468,"R",38.4615384615385,0,0.863231084917044,12.3
180,"ALA",-5.634,-6.176,12.542,"TM2","TMD",0,26.813880126183,1.85055661201477,"A",46.1538461538462,0,-0.136743796849583,-1.6
181,"ALA",-6.305,-4.122,9.375,"TM2","TMD",0,1.36698212407992,1.90672361850739,"A",76.9230769230769,0,-0.136743796849583,-1.6
182,"ILE",-4.453,-6.187,6.699,"TM2","TMD",0.315457413249211,0,1.9110141992569,"I",76.9230769230769,1,-0.136743796849583,-3.1
183,"PRO",-7.542,-8.072,5.147,"TM2","TMD",0,5.78338590956888,1.97105062007904,"P",100,0,-0.136743796849583,0.2
184,"ILE",-9.567,-4.915,5.411,"TM2","TMD",0,16.0883280757098,1.66873133182526,"I",100,0,-0.136743796849583,-3.1
185,"ILE",-7.044,-2.372,3.625,"TM2","TMD",0,0,1.39810168743134,"I",100,2,-0.136743796849583,-3.1
186,"MET",-4.631,-4.632,1.535,"TM2","TMD",0,0,1.48762595653534,"M",100,2,-0.136743796849583,-3.4
187,"GLY",-7.612,-6.501,-0.066,"TM2","TMD",0,0,1.45121443271637,"G",100,0,-0.136743796849583,-1
188,"ALA",-10.639,-5.143,-2.055,"TM2","TMD",0,19.348054679285,2.04315447807312,"A",38.4615384615385,1,-0.136743796849583,-1.6
189,"ASN",-9.303,-1.674,-2.652,"TM2","TMD",0,11.4616193480547,2.38993000984192,"N",100,3,-0.136743796849583,4.8
190,"ILE",-5.824,-2.85,-3.895,"TM2","TMD",0,0.210304942166141,1.81873381137848,"I",76.9230769230769,0,-0.136743796849583,-3.1
191,"GLY",-7.523,-5.751,-5.756,"TM2","TMD",0,0,1.20107841491699,"G",100,0,-0.136743796849583,-1
192,"THR",-9.892,-3.241,-7.441,"TM2","TMD",0,0.630914826498423,1.31002116203308,"T",100,1,-0.136743796849583,-1.2
193,"SER",-6.96,-0.756,-8.284,"TM2","TMD",0,54.4689800210305,1.85263729095459,"S",100,0,-0.136743796849583,-0.6
194,"ILE",-4.907,-3.398,-10.011,"TM2","TMD",0,0.10515247108307,1.82373809814453,"I",61.5384615384615,1,-0.136743796849583,-3.1
195,"THR",-7.999,-4.55,-11.906,"TM2","TMD",0,3.47003154574132,1.40504169464111,"T",100,2,-0.136743796849583,-1.2
196,"ASN",-8.479,-1.024,-13.082,"TM2","TMD",0,42.5867507886435,1.54098737239838,"N",76.9230769230769,2,-0.136743796849583,4.8
197,"THR",-4.773,-0.832,-14.167,"TM2","TMD",0,25.6572029442692,2.14693331718445,"T",100,1,-0.136743796849583,-1.2
198,"ILE",-5.245,-4.2,-15.964,"TM2","TMD",0,1.68243953732913,2.16414403915405,"I",76.9230769230769,0,-0.136743796849583,-3.1
199,"VAL",-8.035,-2.586,-18.192,"EMD4","CD",0,4.41640378548896,1.68495750427246,"V",100,1,-0.136743796849583,-2.6
200,"ALA",-5.669,0.426,-18.739,"EMD4","CD",0,28.8117770767613,2.12158870697021,"A",76.9230769230769,1,-0.136743796849583,-1.6
201,"LEU",-2.829,-2.312,-19.612,"EMD4","CD",0,38.1703470031546,2.67032957077026,"L",76.9230769230769,0,-0.136743796849583,-2.8
202,"MET",-5.194,-3.54,-22.286,"EMD4","CD",0,26.2881177707676,2.47408127784729,"M",76.9230769230769,1,-0.136743796849583,-3.4
203,"GLN",-5.685,-0.085,-23.751,"EMD4","CD",0,57.2029442691903,2.31241655349731,"Q",100,2,-0.136743796849583,4.1
204,"VAL",-1.984,0.739,-24.266,"EMD4","CD",0.10515247108307,38.3806519453207,2.7671947479248,"V",15.3846153846154,1,-0.136743796849583,-2.6
205,"GLY",-1.247,-0.094,-28.041,"EMD4","CD",0,53.4174553101998,2.81256484985352,"G",100,0,-0.136743796849583,-1
206,"ASP",1.771,1.428,-29.939,"EMD4","CD",0.210304942166141,98.4227129337539,3.0595588684082,"D",100,1,-1.13574479585058,9.2
207,"ARG",0.78,5.073,-29.196,"EMD4","CD",6.83491062039958,89.1692954784437,2.88157820701599,"R",100,0,0.863231084917044,12.3
208,"SER",1.384,7.786,-26.514,"EMD4","CD",36.4879074658255,74.2376445846477,3.41555309295654,"S",15.3846153846154,0,-0.136743796849583,-0.6
209,"GLU",4.749,8.755,-24.899,"EMD4","CD",0.315457413249211,99.6845425867508,3.58557343482971,"E",61.5384615384615,0,-1.13574479585058,8.2
210,"PHE",6.457,6.628,-22.197,"EMD4","CD",1.89274447949527,51.8401682439537,3.63634777069092,"F",100,2,-0.136743796849583,-3.7
211,"ARG",3.526,4.306,-22.297,"EMD4","CD",0,85.2786540483701,3.10520815849304,"R",76.9230769230769,1,0.863231084917044,12.3
212,"ARG",4.677,0.714,-21.715,"EMD4","CD",0,78.8643533123028,2.88105607032776,"R",100,1,0.863231084917044,12.3
213,"ALA",3.578,-2.947,-20.855,"EMD4","CD",0,64.9842271293375,2.77924060821533,"A",100,0,-0.136743796849583,-1.6
214,"PHE",5.608,-3.095,-17.595,"EMD4","CD",0.210304942166141,8.30704521556257,2.63879442214966,"F",100,4,-0.136743796849583,-3.7
215,"ALA",4.306,0.366,-16.162,"EMD4","CD",0,38.5909568874869,2.52677702903748,"A",76.9230769230769,1,-0.136743796849583,-1.6
216,"GLY",2.836,0.493,-12.597,"EMD4","CD",0,45.4258675078864,2.26017236709595,"G",100,0,-0.136743796849583,-1
217,"ALA",-0.565,2.027,-11.664,"TM3","TMD",1.15667718191377,33.0178759200841,2.93271589279175,"A",76.9230769230769,0,-0.136743796849583,-1.6
218,"THR",0.245,5.14,-13.774,"TM3","TMD",0.10515247108307,61.4090431125131,1.94525516033173,"T",76.9230769230769,0,-0.136743796849583,-1.2
219,"VAL",-3.304,6.227,-14.03,"TM3","TMD",0,7.99158780231335,1.57964873313904,"V",100,2,-0.136743796849583,-2.6
220,"HSE",-3.068,7.416,-10.376,"TM3","TMD",0,46.5825446898002,1.48082137107849,"H",100,0,-0.0249280270714658,3
221,"ASP",-0.219,9.868,-11.22,"TM3","TMD",0,93.6908517350158,1.67658257484436,"D",76.9230769230769,1,-1.13574479585058,9.2
222,"PHE",-2.047,11.001,-14.393,"TM3","TMD",14.0904311251314,3.89064143007361,1.80753123760223,"F",38.4615384615385,1,-0.136743796849583,-3.7
223,"PHE",-5.623,11.307,-13.162,"TM3","TMD",0,2.62881177707676,1.46286118030548,"F",100,1,-0.136743796849583,-3.7
224,"ASN",-6.146,10.882,-9.38,"TM3","TMD",0,19.6635120925342,1.19290912151337,"N",100,4,-0.136743796849583,4.8
225,"TRP",-3.316,13.401,-8.694,"TM3","TMD",0,8.41219768664564,1.34811353683472,"W",100,2,-0.136743796849583,-1.9
226,"LEU",-5.08,16.218,-10.764,"TM3","TMD",0,0.210304942166141,1.44402396678925,"L",100,2,-0.136743796849583,-2.8
227,"SER",-8.115,15.34,-8.53,"TM3","TMD",0,13.5646687697161,1.23667728900909,"S",76.9230769230769,1,-0.136743796849583,-0.6
228,"VAL",-5.842,15.299,-5.334,"TM3","TMD",0,0,1.29066753387451,"V",100,2,-0.136743796849583,-2.6
229,"LEU",-4.684,18.865,-6.154,"TM3","TMD",0,0,1.48917186260223,"L",92.3076923076923,0,-0.136743796849583,-2.8
230,"VAL",-8.274,20.093,-6.449,"TM3","TMD",0,0.630914826498423,1.44327175617218,"V",100,1,-0.136743796849583,-2.6
231,"LEU",-9.131,18.136,-3.268,"TM3","TMD",0,0,1.35226893424988,"L",100,2,-0.136743796849583,-2.8
232,"LEU",-6.168,19.298,-1.198,"TM3","TMD",0.10515247108307,0,1.48592221736908,"L",100,0,-0.136743796849583,-2.8
233,"PRO",-7.463,22.929,-0.402,"TM3","TMD",0,0,1.58053719997406,"P",100,0,-0.136743796849583,0.2
234,"VAL",-10.794,21.349,0.626,"TM3","TMD",0,0.10515247108307,1.53965866565704,"V",15.3846153846154,1,-0.136743796849583,-2.6
235,"GLU",-9.347,18.639,2.877,"TM3","TMD",0,98.4227129337539,1.4581595659256,"E",100,0,-1.13574479585058,8.2
236,"VAL",-7.232,21.167,5.008,"TM3","TMD",0,0,1.63268494606018,"V",15.3846153846154,1,-0.136743796849583,-2.6
237,"ALA",-10.386,23.449,5.059,"TM3","TMD",0,0,1.66101324558258,"A",100,0,-0.136743796849583,-1.6
238,"THR",-12.281,20.388,6.527,"TM3","TMD",0,19.0325972660358,1.59719705581665,"T",100,0,-0.136743796849583,-1.2
239,"HSE",-9.583,19.947,9.12,"TM3","TMD",0,52.0504731861199,1.67061018943787,"H",30.7692307692308,2,-0.0249280270714658,3
240,"TYR",-9.371,23.711,9.953,"TM3","TMD",0,63.3017875920084,1.8215035200119,"Y",76.9230769230769,0,-0.139249389516868,0.7
241,"LEU",-13.181,24.409,10.083,"TM3","TMD",1.89274447949527,40.9043112513144,1.83516502380371,"L",100,0,-0.136743796849583,-2.8
242,"GLU",-14.386,21.261,11.874,"EMD5","ECD",0.420609884332282,94.1114616193481,1.97349750995636,"E",61.5384615384615,0,-1.13574479585058,8.2
243,"ILE",-11.567,19.083,13.303,"EMD5","ECD",5.36277602523659,46.8980021030494,2.12846684455872,"I",23.0769230769231,0,-0.136743796849583,-3.1
244,"ILE",-10.205,19.279,16.968,"EMD5","ECD",0,26.919032597266,2.66090846061707,"I",30.7692307692308,0,-0.136743796849583,-3.1
245,"THR",-6.826,17.915,18.307,"EMD5","ECD",0.525762355415352,80.0210304942166,3.1812310218811,"T",76.9230769230769,0,-0.136743796849583,-1.2
246,"GLN",-6.66,14.359,19.789,"EMD5","ECD",5.36277602523659,76.7613038906414,3.48668932914734,"Q",15.3846153846154,0,-0.136743796849583,4.1
247,"LEU",-10.177,13.715,18.47,"EMD5","ECD",0.210304942166141,46.3722397476341,3.16722798347473,"L",100,1,-0.136743796849583,-2.8
248,"ILE",-9.525,13.45,14.665,"EMD5","ECD",7.67613038906414,43.8485804416404,2.25893688201904,"I",15.3846153846154,2,-0.136743796849583,-3.1
249,"VAL",-11.373,10.255,13.922,"EMD5","ECD",0.10515247108307,49.1062039957939,2.27672839164734,"V",61.5384615384615,0,-0.136743796849583,-2.6
250,"GLU",-14.474,9.426,16.171,"EMD5","ECD",0,99.4742376445846,2.32202386856079,"E",30.7692307692308,2,-1.13574479585058,8.2
251,"SER",-14.603,6.368,16.923,"EMD5","ECD",16.2986330178759,50.4731861198738,2.69783878326416,"S",61.5384615384615,2,-0.136743796849583,-0.6
252,"PHE",-17.021,6.313,19.73,"EMD5","ECD",0.420609884332282,21.2407991587802,2.87306785583496,"F",76.9230769230769,2,-0.136743796849583,-3.7
253,"HSE",-16.009,5.41,22.55,"EMD5","ECD",0.525762355415352,71.0830704521556,3.33104252815247,"H",23.0769230769231,0,-0.0249280270714658,3
254,"PHE",-12.427,6.862,22.326,"EMD5","ECD",35.4363827549947,48.6855941114616,3.8435959815979,"F",30.7692307692308,1,-0.136743796849583,-3.7
255,"LYS",-9.776,4.169,22.17,"EMD5","ECD",0.210304942166141,88.4332281808623,3.54783630371094,"K",23.0769230769231,0,0.860750610483132,8.8
256,"ASN",-6.881,6.627,22.149,"EMD5","ECD",0.420609884332282,47.6340694006309,4.11942052841187,"N",38.4615384615385,3,-0.136743796849583,4.8
257,"GLY",-5.245,6.261,25.584,"EMD5","ECD",0,54.4689800210305,3.82561135292053,"G",92.3076923076923,0,-0.136743796849583,-1
258,"GLU",-6.14,4.543,28.908,"EMD5","ECD",1.68243953732913,98.7381703470031,3.37705087661743,"E",38.4615384615385,2,-1.13574479585058,8.2
259,"ASP",-6.223,7.628,31.178,"EMD5","ECD",0,96.2145110410095,3.14847445487976,"D",69.2307692307692,1,-1.13574479585058,9.2
260,"ALA",-7.198,10.165,28.435,"EMD5","ECD",0.10515247108307,20.0841219768665,4.07791614532471,"A",100,0,-0.136743796849583,-1.6
261,"PRO",-10.759,8.859,27.688,"EMD5","ECD",0,13.8801261829653,4.98075008392334,"P",100,0,-0.136743796849583,0.2
262,"ASP",-11.551,8.633,31.371,"EMD5","ECD",0,98.8433228180862,4.21977472305298,"D",92.3076923076923,2,-1.13574479585058,9.2
263,"LEU",-10.132,12.224,31.936,"EMD5","ECD",0,38.1703470031546,4.04005908966064,"L",61.5384615384615,2,-0.136743796849583,-2.8
264,"LEU",-12.639,13.128,29.208,"EMD5","ECD",0,47.9495268138801,5.54012537002563,"L",100,0,-0.136743796849583,-2.8
265,"LYS",-15.537,11.728,31.18,"EMD5","ECD",0,84.0168243953733,5.68903207778931,"K",100,0,0.860750610483132,8.8
266,"VAL",-14.391,12.618,34.709,"EMD5","ECD",0.10515247108307,48.2649842271293,4.86077785491943,"V",61.5384615384615,0,-0.136743796849583,-2.6
267,"ILE",-17.203,13.373,37.263,"EMD5","ECD",0,56.5720294426919,5.98546314239502,"I",76.9230769230769,0,-0.136743796849583,-3.1
268,"THR",-15.327,15.943,39.524,"EMD5","ECD",0.10515247108307,80.2313354363828,5.95549583435059,"T",100,0,-0.136743796849583,-1.2
269,"LYS",-13.67,19.245,38.514,"EMD5","ECD",0.315457413249211,86.540483701367,5.92251682281494,"K",23.0769230769231,0,0.860750610483132,8.8
270,"PRO",-9.803,19.041,37.921,"EMD5","ECD",0.210304942166141,51.3144058885384,5.53609848022461,"P",100,0,-0.136743796849583,0.2
271,"PHE",-7.605,19.567,41.063,"EMD5","ECD",0.420609884332282,41.4300736067298,4.95930290222168,"F",92.3076923076923,1,-0.136743796849583,-3.7
272,"THR",-4.618,22.042,41.086,"EMD5","ECD",7.465825446898,82.018927444795,6.2662410736084,"T",100,0,-0.136743796849583,-1.2
273,"LYS",-1.304,21.187,39.622,"EMD5","ECD",14.6161934805468,89.3796004206099,6.31080341339111,"K",69.2307692307692,0,0.860750610483132,8.8
274,"LEU",-2.585,18.303,37.493,"EMD5","ECD",0.420609884332282,51.4195583596215,4.44073867797852,"L",100,0,-0.136743796849583,-2.8
275,"ILE",-1.481,17.994,33.792,"EMD5","ECD",0.525762355415352,23.3438485804416,3.81938767433167,"I",100,0,-0.136743796849583,-3.1
276,"VAL",-4.178,16.964,31.166,"EMD5","ECD",99.2639327024185,54.9947423764458,4.33614110946655,"V",23.0769230769231,0,-0.136743796849583,-2.6
277,"GLN",-7.424,18.891,31.127,"EMD5","ECD",19.5583596214511,84.6477392218717,4.63989877700806,"Q",100,0,-0.136743796849583,4.1
278,"LEU",-5.497,22.227,31.265,"EMD5","ECD",0.736067297581493,39.2218717139853,4.58847761154175,"L",100,0,-0.136743796849583,-2.8
279,"ASP",-6.51,25.498,29.764,"EMD5","ECD",0.210304942166141,98.8433228180862,5.33109855651855,"D",100,0,-1.13574479585058,9.2
280,"LYS",-4.956,24.52,26.452,"EMD5","ECD",0.315457413249211,81.4931650893796,5.0484356880188,"K",61.5384615384615,0,0.860750610483132,8.8
281,"LYS",-5.169,21.046,24.688,"EMD5","ECD",2.8391167192429,86.1198738170347,4.99209976196289,"K",30.7692307692308,0,0.860750610483132,8.8
282,"VAL",-2.257,18.714,23.577,"EMD5","ECD",0.210304942166141,39.7476340694006,4.29799032211304,"V",76.9230769230769,0,-0.136743796849583,-2.6
283,"ILE",-1.298,18.163,20.004,"EMD5","ECD",0,53.732912723449,3.77971386909485,"I",84.6153846153846,0,-0.136743796849583,-3.1
284,"SER",0.161,14.718,20.934,"EMD5","ECD",0.736067297581493,77.1819137749737,3.60069966316223,"S",15.3846153846154,0,-0.136743796849583,-0.6
285,"GLN",-0.504,11.573,23.262,"EMD5","ECD",0.10515247108307,73.080967402734,2.92152118682861,"Q",38.4615384615385,0,-0.136743796849583,4.1
286,"ILE",0.557,11.699,26.891,"EMD5","ECD",0.10515247108307,45.1104100946372,2.84286499023438,"I",69.2307692307692,0,-0.136743796849583,-3.1
287,"ALA",1.216,7.939,27.024,"EMD5","ECD",0.210304942166141,50.68349106204,2.95402574539185,"A",84.6153846153846,0,-0.136743796849583,-1.6
288,"MET",4.232,8.223,24.666,"EMD5","ECD",0.525762355415352,40.3785488958991,3.02189135551453,"M",38.4615384615385,1,-0.136743796849583,-3.4
289,"ASN",6.026,10.94,26.598,"EMD5","ECD",0.10515247108307,75.4994742376446,3.25369954109192,"N",23.0769230769231,0,-0.136743796849583,4.8
290,"ASP",8.808,10.931,29.315,"EMD5","ECD",67.9284963196635,90.4311251314406,3.83760380744934,"D",76.9230769230769,2,-1.13574479585058,9.2
291,"GLU",10.92,7.785,29.831,"EMD5","ECD",4.20609884332282,96.7402733964248,4.11401510238647,"E",61.5384615384615,1,-1.13574479585058,8.2
292,"LYS",10.869,6.602,33.346,"EMD5","ECD",0,73.5015772870662,3.60301661491394,"K",15.3846153846154,1,0.860750610483132,8.8
293,"ALA",8.309,4.758,35.511,"EMD5","ECD",0.210304942166141,54.5741324921136,3.64870166778564,"A",30.7692307692308,1,-0.136743796849583,-1.6
294,"LYS",9.433,5.84,39.028,"EMD5","ECD",0.10515247108307,67.9284963196635,3.68786573410034,"K",15.3846153846154,1,0.860750610483132,8.8
295,"ASN",9.825,9.042,41.326,"EMD5","ECD",17.3501577287066,83.8065194532071,4.20059299468994,"N",100,0,-0.136743796849583,4.8
296,"LYS",6.212,10.189,40.822,"EMD5","ECD",5.99369085173502,85.6992639327024,4.7866735458374,"K",38.4615384615385,0,0.860750610483132,8.8
297,"SER",5.713,9.144,37.183,"EMD5","ECD",1.0515247108307,56.5720294426919,4.16126203536987,"S",100,1,-0.136743796849583,-0.6
298,"LEU",3.845,11.117,34.444,"EMD5","ECD",2.62881177707676,29.6529968454259,4.76984882354736,"L",92.3076923076923,1,-0.136743796849583,-2.8
299,"VAL",1.003,8.765,33.718,"EMD5","ECD",0,48.4752891692955,4.08967685699463,"V",15.3846153846154,0,-0.136743796849583,-2.6
300,"LYS",0.416,7.997,37.449,"EMD5","ECD",0,69.5057833859096,3.9466860294342,"K",61.5384615384615,1,0.860750610483132,8.8
301,"ILE",-0.291,11.724,38.455,"EMD5","ECD",0.10515247108307,28.286014721346,5.09616279602051,"I",69.2307692307692,0,-0.136743796849583,-3.1
302,"TRP",-4.157,11.535,38.786,"EMD5","ECD",0,27.7602523659306,4.78017044067383,"W",100,1,-0.136743796849583,-1.9
303,"CYS",-3.622,8.118,40.559,"EMD5","ECD",1.15667718191377,38.6961093585699,4.87339448928833,"C",100,1,-0.210331352967156,-2
304,"LYS",-6.627,6.4,38.99,"EMD5","ECD",4.41640378548896,54.2586750788643,4.35959434509277,"K",38.4615384615385,3,0.860750610483132,8.8
305,"THR",-8.661,7.702,42.01,"EMD5","ECD",0,55.4153522607781,4.92931699752808,"T",38.4615384615385,0,-0.136743796849583,-1.2
306,"PHE",-9.651,11.035,40.505,"EMD5","ECD",0,35.5415352260778,4.23046064376831,"F",23.0769230769231,2,-0.136743796849583,-3.7
307,"THR",-11.241,9.365,37.434,"EMD5","ECD",0,87.1713985278654,3.87408018112183,"T",30.7692307692308,1,-0.136743796849583,-1.2
308,"ASN",-12.536,7.018,39.969,"EMD5","ECD",3.47003154574132,79.074658254469,4.99160623550415,"N",46.1538461538462,0,-0.136743796849583,4.8
309,"LYS",-11.058,3.704,38.265,"EMD5","ECD",0,77.9179810725552,5.36067199707031,"K",15.3846153846154,1,0.860750610483132,8.8
310,"THR",-9.257,2.458,41.363,"EMD5","ECD",0.210304942166141,73.080967402734,6.37097787857056,"T",53.8461538461538,1,-0.136743796849583,-1.2
311,"GLN",-10.508,2.017,44.963,"EMD5","ECD",2.31335436382755,80.3364879074658,8.67011833190918,"Q",46.1538461538462,0,-0.136743796849583,4.1
312,"ILE",-8.504,2.856,48.028,"EMD5","ECD",0.10515247108307,46.3722397476341,10.1538400650024,"I",7.69230769230769,0,-0.136743796849583,-3.1
313,"ASN",-9.483,1.61,51.452,"EMD5","ECD",3.25972660357518,87.8023133543638,10.8372888565063,"N",46.1538461538462,0,-0.136743796849583,4.8
314,"VAL",-7.021,3.613,53.456,"EMD5","ECD",0.210304942166141,45.7413249211356,10.2072896957397,"V",38.4615384615385,0,-0.136743796849583,-2.6
315,"THR",-8.56,6.428,55.463,"EMD5","ECD",3.36487907465825,80.1261829652997,9.37529850006104,"T",38.4615384615385,0,-0.136743796849583,-1.2
316,"VAL",-8.026,9.732,53.589,"EMD5","ECD",0,45.9516298633018,9.1800708770752,"V",38.4615384615385,0,-0.136743796849583,-2.6
317,"PRO",-9.436,13.106,54.864,"EMD5","ECD",0.10515247108307,45.8464773922187,8.41722106933594,"P",46.1538461538462,0,-0.136743796849583,0.2
318,"SER",-10.918,14.968,51.908,"EMD5","ECD",5.88853838065195,70.2418506834911,7.46878290176392,"S",38.4615384615385,0,-0.136743796849583,-0.6
319,"THR",-9.998,14.091,48.236,"EMD5","ECD",7.15036803364879,78.5488958990536,7.26930332183838,"T",23.0769230769231,0,-0.136743796849583,-1.2
320,"ALA",-7.017,11.996,47.262,"EMD5","ECD",1.89274447949527,53.1019978969506,6.94974040985107,"A",15.3846153846154,0,-0.136743796849583,-1.6
321,"ASN",-4.134,13.107,47.608,"EMD5","ECD",5.36277602523659,80.0210304942166,7.77881050109863,"N",38.4615384615385,0,-0.136743796849583,4.8
322,"CYS",-2.209,9.957,46.624,"EMD5","ECD",0.10515247108307,61.6193480546793,7.35578870773315,"C",61.5384615384615,1,-0.210331352967156,-2
323,"THR",-0.705,7.385,49.007,"EMD5","ECD",0.420609884332282,80.4416403785489,8.04648971557617,"T",69.2307692307692,0,-0.136743796849583,-1.2
324,"SER",3.131,6.865,48.573,"EMD5","ECD",0,87.5920084121977,8.99504470825195,"S",76.9230769230769,0,-0.136743796849583,-0.6
325,"PRO",3.277,3.041,49.483,"EMD5","ECD",0.10515247108307,43.5331230283912,7.90139102935791,"P",38.4615384615385,0,-0.136743796849583,0.2
326,"SER",3.438,0.482,46.726,"EMD5","ECD",0.315457413249211,80.2313354363828,6.8639554977417,"S",38.4615384615385,0,-0.136743796849583,-0.6
327,"LEU",4.575,-2.662,48.397,"EMD5","ECD",0.736067297581493,56.3617245005258,5.85500001907349,"L",38.4615384615385,0,-0.136743796849583,-2.8
328,"CYS",6.699,-5.482,46.882,"EMD5","ECD",20.2944269190326,49.7371188222923,5.28446292877197,"C",38.4615384615385,0,-0.210331352967156,-2
329,"TRP",9.195,-5.213,44.056,"EMD5","ECD",0.946372239747634,70.136698212408,5.33613014221191,"W",38.4615384615385,0,-0.136743796849583,-1.9
330,"THR",8.322,-3.704,40.586,"EMD5","ECD",0.420609884332282,74.553101997897,4.83900737762451,"T",38.4615384615385,0,-0.136743796849583,-1.2
331,"ASP",10.987,-4.222,37.87,"EMD5","ECD",0.10515247108307,99.5793901156677,5.83446168899536,"D",38.4615384615385,0,-1.13574479585058,9.2
332,"GLY",12.096,-1.466,35.468,"EMD5","ECD",0,43.5331230283912,5.24143314361572,"G",38.4615384615385,0,-0.136743796849583,-1
333,"ILE",13.08,2.203,36.099,"EMD5","ECD",0,32.0715036803365,5.0638575553894,"I",30.7692307692308,3,-0.136743796849583,-3.1
334,"GLN",13.502,3.352,32.448,"EMD5","ECD",0.10515247108307,79.179810725552,4.27393436431885,"Q",30.7692307692308,1,-0.136743796849583,4.1
335,"ASN",10.723,2.815,29.947,"EMD5","ECD",0,77.7076761303891,3.36744546890259,"N",7.69230769230769,0,-0.136743796849583,4.8
336,"TRP",11.248,1.692,26.303,"EMD5","ECD",8.09674027339642,62.5657202944269,2.88519263267517,"W",38.4615384615385,2,-0.136743796849583,-1.9
337,"THR",9.778,3.149,22.987,"EMD5","ECD",0.841219768664564,66.8769716088328,3.49542546272278,"T",38.4615384615385,0,-0.136743796849583,-1.2
338,"MET",9.257,2.372,19.292,"EMD5","ECD",0,28.8117770767613,2.71641159057617,"M",15.3846153846154,1,-0.136743796849583,-3.4
339,"LYS",6.917,5.318,18.434,"EMD5","ECD",0,77.8128286014721,2.43779754638672,"K",23.0769230769231,3,0.860750610483132,8.8
340,"ASN",8.581,8.167,16.283,"EMD5","ECD",0.420609884332282,72.2397476340694,2.29564452171326,"N",38.4615384615385,2,-0.136743796849583,4.8
341,"VAL",11.722,6.31,17.193,"EMD5","ECD",0,1.15667718191377,2.53777265548706,"V",38.4615384615385,0,-0.136743796849583,-2.6
342,"THR",14.122,6.538,14.202,"EMD5","ECD",0,65.720294426919,2.41479587554932,"T",46.1538461538462,2,-0.136743796849583,-1.2
343,"TYR",15.838,3.13,13.793,"EMD5","ECD",3.47003154574132,68.9800210304942,2.16276502609253,"Y",23.0769230769231,5,-0.139249389516868,0.7
344,"LYS",13.782,1.404,16.527,"EMD5","ECD",9.2534174553102,84.1219768664564,2.22145438194275,"K",38.4615384615385,2,0.860750610483132,8.8
345,"GLU",15.047,-1.512,18.46,"EMD5","ECD",0,94.1114616193481,2.38533043861389,"E",53.8461538461538,1,-1.13574479585058,8.2
346,"ASN",13.619,-4.85,19.697,"EMD5","ECD",0.10515247108307,75.7097791798107,2.54797554016113,"N",38.4615384615385,0,-0.136743796849583,4.8
347,"ILE",13.151,-5.396,23.48,"EMD5","ECD",0.210304942166141,43.0073606729758,2.73779773712158,"I",38.4615384615385,1,-0.136743796849583,-3.1
348,"ALA",15.333,-7.696,25.61,"EMD5","ECD",0.210304942166141,50.2628811777077,2.98491716384888,"A",38.4615384615385,0,-0.136743796849583,-1.6
349,"LYS",13.796,-11.247,25.29,"EMD5","ECD",1.0515247108307,85.8044164037855,3.50530481338501,"K",76.9230769230769,0,0.860750610483132,8.8
350,"CYS",14.218,-11.161,21.494,"EMD5","ECD",0.315457413249211,33.5436382754995,3.24432063102722,"C",100,0,-0.210331352967156,-2
351,"GLN",18.107,-10.947,21.73,"EMD5","ECD",1.99789695057834,74.7634069400631,2.81292271614075,"Q",38.4615384615385,0,-0.136743796849583,4.1
352,"HSE",19.257,-14.574,21.361,"EMD5","ECD",0.630914826498423,78.2334384858044,3.21395778656006,"H",100,0,-0.0249280270714658,3
353,"ILE",16.143,-16.054,19.649,"EMD5","ECD",32.807570977918,31.6508937960042,3.23161244392395,"I",76.9230769230769,0,-0.136743796849583,-3.1
354,"PHE",13.727,-15.279,16.89,"EMD5","ECD",0,46.8980021030494,3.03715586662292,"F",100,0,-0.136743796849583,-3.7
355,"VAL",10.318,-15.679,18.623,"EMD5","ECD",0.420609884332282,42.3764458464774,2.98838901519775,"V",76.9230769230769,0,-0.136743796849583,-2.6
356,"ASN",8.366,-13.991,15.7,"EMD5","ECD",30.7045215562566,64.5636172450053,2.80061888694763,"N",38.4615384615385,0,-0.136743796849583,4.8
357,"PHE",6.181,-11.379,17.487,"EMD5","ECD",0.210304942166141,50.3680336487907,2.11481809616089,"F",38.4615384615385,0,-0.136743796849583,-3.7
358,"HSE",4.636,-8.617,15.348,"EMD5","ECD",51.2092534174553,70.3470031545741,1.9552241563797,"H",15.3846153846154,1,-0.0249280270714658,3
359,"LEU",5.982,-7.429,11.913,"EMD5","ECD",0,45.8464773922187,1.67354512214661,"L",100,0,-0.136743796849583,-2.8
360,"PRO",9.755,-6.758,11.584,"TM4","TMD",0,29.4426919032597,1.63446259498596,"P",69.2307692307692,0,-0.136743796849583,0.2
361,"ASP",9.565,-3.296,9.712,"TM4","TMD",5.57308096740273,97.4763406940063,1.4693318605423,"D",100,2,-1.13574479585058,9.2
362,"LEU",10.219,-5.181,6.446,"TM4","TMD",0.315457413249211,43.8485804416404,1.575812458992,"L",92.3076923076923,0,-0.136743796849583,-2.8
363,"ALA",8.764,-7.623,3.878,"TM4","TMD",44.2691903259727,42.1661409043112,1.70696651935577,"A",92.3076923076923,0,-0.136743796849583,-1.6
364,"VAL",5.056,-6.924,3.337,"TM4","TMD",0,0.10515247108307,1.35701251029968,"V",100,2,-0.136743796849583,-2.6
365,"GLY",5.229,-8.078,-0.376,"TM4","TMD",0,0.525762355415352,1.21630859375,"G",100,1,-0.136743796849583,-1
366,"THR",4.137,-11.536,0.754,"TM4","TMD",0.10515247108307,52.5762355415352,1.23705899715424,"T",23.0769230769231,0,-0.136743796849583,-1.2
367,"ILE",0.559,-10.059,1.495,"TM4","TMD",0,0.841219768664564,1.30293571949005,"I",100,1,-0.136743796849583,-3.1
368,"LEU",0.63,-8.376,-2.087,"TM4","TMD",0,0,1.19855260848999,"L",100,3,-0.136743796849583,-2.8
369,"LEU",1.461,-11.755,-3.706,"TM4","TMD",0,0,1.09836578369141,"L",100,1,-0.136743796849583,-2.8
370,"ILE",-1.565,-13.362,-2.15,"TM4","TMD",0,0,1.30115580558777,"I",23.0769230769231,0,-0.136743796849583,-3.1
371,"LEU",-3.575,-10.32,-3.235,"TM4","TMD",0,0,1.42157745361328,"L",15.3846153846154,0,-0.136743796849583,-2.8
372,"SER",-2.07,-10.84,-6.745,"TM4","TMD",0,0.210304942166141,1.2283296585083,"S",100,1,-0.136743796849583,-0.6
373,"LEU",-3.193,-14.419,-6.771,"TM4","TMD",0,0,1.25225496292114,"L",100,0,-0.136743796849583,-2.8
374,"LEU",-6.726,-13.136,-5.861,"TM4","TMD",0,0,1.48597300052643,"L",53.8461538461538,0,-0.136743796849583,-2.8
375,"VAL",-6.58,-10.671,-8.726,"TM4","TMD",0,0.420609884332282,1.47260272502899,"V",61.5384615384615,0,-0.136743796849583,-2.6
376,"LEU",-5.269,-13.439,-11.126,"TM4","TMD",0,2.41850683491062,1.26018297672272,"L",100,1,-0.136743796849583,-2.8
377,"CYS",-7.922,-15.975,-10.085,"TM4","TMD",0,0.210304942166141,1.37151348590851,"C",100,0,-0.210331352967156,-2
378,"GLY",-10.545,-13.409,-11.158,"TM4","TMD",0,2.10304942166141,1.50526285171509,"G",38.4615384615385,0,-0.136743796849583,-1
379,"CYS",-9.315,-13.564,-14.668,"TM4","TMD",0,1.68243953732913,1.35148215293884,"C",100,1,-0.210331352967156,-2
380,"LEU",-9.597,-17.439,-14.98,"TM4","TMD",0,1.15667718191377,1.2792147397995,"L",100,3,-0.136743796849583,-2.8
381,"ILE",-13.513,-17.048,-15.305,"EMD6","CD",0,28.7066246056782,1.46087431907654,"I",76.9230769230769,2,-0.136743796849583,-3.1
382,"MET",-16.289,-13.245,-18.552,"EMD6","CD",30.3890641430074,11.1461619348055,1.67806756496429,"M",30.7692307692308,3,-0.136743796849583,-3.4
383,"ILE",-13.633,-11.468,-20.683,"EMD6","CD",0,29.0220820189274,1.5432196855545,"I",61.5384615384615,1,-0.136743796849583,-3.1
384,"VAL",-14.62,-13.51,-23.787,"EMD6","CD",0,46.267087276551,1.40008950233459,"V",100,2,-0.136743796849583,-2.6
385,"LYS",-18.33,-13.178,-23.007,"EMD6","CD",0.630914826498423,76.6561514195584,1.38238990306854,"K",100,1,0.860750610483132,8.8
386,"ILE",-18.746,-9.443,-24.093,"EMD6","CD",0,43.6382754994742,1.76309335231781,"I",15.3846153846154,1,-0.136743796849583,-3.1
387,"LEU",-17.789,-10.017,-27.821,"EMD6","CD",0.10515247108307,49.4216614090431,2.64887881278992,"L",100,0,-0.136743796849583,-2.8
388,"GLY",-20.3,-10.315,-30.716,"EMD6","CD",0,59.0956887486856,3.54955291748047,"G",38.4615384615385,0,-0.136743796849583,-1
389,"SER",-20.387,-6.723,-31.736,"EMD6","CD",1.15667718191377,71.7139852786541,3.42650699615479,"S",100,1,-0.136743796849583,-0.6
390,"VAL",-17.23,-5.418,-33.368,"EMD6","CD",0.630914826498423,59.2008412197687,3.01898670196533,"V",61.5384615384615,0,-0.136743796849583,-2.6
391,"LEU",-15.689,-2.152,-32.094,"EMD6","CD",0.630914826498423,48.8958990536278,2.12137222290039,"L",100,1,-0.136743796849583,-2.8
392,"LYS",-15.483,0.993,-34.354,"EMD6","CD",1.15667718191377,77.9179810725552,2.63968515396118,"K",61.5384615384615,0,0.860750610483132,8.8
393,"GLY",-12.275,1.305,-36.379,"EMD6","CD",0,29.4426919032597,2.00691747665405,"G",100,0,-0.136743796849583,-1
394,"GLN",-10.423,4.412,-35.091,"EMD6","CD",0.10515247108307,72.3449001051525,1.83535158634186,"Q",76.9230769230769,0,-0.136743796849583,4.1
395,"VAL",-10.981,3.538,-31.505,"EMD6","CD",0,7.465825446898,1.65029549598694,"V",84.6153846153846,0,-0.136743796849583,-2.6
396,"ALA",-9.837,-0.029,-32.24,"EMD6","CD",0,1.15667718191377,1.73570847511292,"A",92.3076923076923,0,-0.136743796849583,-1.6
397,"THR",-6.693,1.1,-34.222,"EMD6","CD",0,66.0357518401682,2.00500798225403,"T",30.7692307692308,0,-0.136743796849583,-1.2
398,"VAL",-5.434,3.148,-31.183,"EMD6","CD",0,47.4237644584648,2.02577066421509,"V",76.9230769230769,0,-0.136743796849583,-2.6
399,"ILE",-5.568,0.11,-28.806,"EMD6","CD",0,37.5394321766561,2.03711414337158,"I",69.2307692307692,1,-0.136743796849583,-3.1
400,"LYS",-4.204,-2.157,-31.618,"EMD6","CD",4.83701366982124,57.5184016824395,2.32164669036865,"K",53.8461538461538,2,0.860750610483132,8.8
401,"LYS",-7.209,-4.582,-31.617,"EMD6","CD",0.210304942166141,72.5552050473186,2.1666476726532,"K",69.2307692307692,1,0.860750610483132,8.8
402,"THR",-7.064,-5.892,-27.999,"EMD6","CD",0.630914826498423,46.1619348054679,2.27778553962708,"T",38.4615384615385,2,-0.136743796849583,-1.2
403,"ILE",-10.707,-5.195,-27.066,"EMD6","CD",0.10515247108307,27.3396424815983,1.98398065567017,"I",76.9230769230769,1,-0.136743796849583,-3.1
404,"ASN",-13.01,-6.277,-29.949,"EMD6","CD",0,71.8191377497371,1.94558537006378,"N",92.3076923076923,1,-0.136743796849583,4.8
405,"THR",-16.307,-5.473,-28.117,"EMD6","CD",0,59.5162986330179,1.77983427047729,"T",76.9230769230769,0,-0.136743796849583,-1.2
406,"ASP",-18.65,-2.605,-29.017,"EMD6","CD",0,98.527865404837,1.87232482433319,"D",100,1,-1.13574479585058,9.2
407,"PHE",-21.443,-3.691,-26.535,"EMD6","CD",1.15667718191377,14.7213459516299,1.95077693462372,"F",92.3076923076923,1,-0.136743796849583,-3.7
408,"PRO",-21.563,-1.338,-23.422,"EMD6","CD",0,5.78338590956888,2.07734847068787,"P",100,0,-0.136743796849583,0.2
409,"PHE",-20.42,1.888,-25.215,"EMD6","CD",0.525762355415352,36.0672975814932,2.37248706817627,"F",53.8461538461538,0,-0.136743796849583,-3.7
410,"PRO",-23.966,2.879,-26.549,"EMD6","CD",0,45.2155625657203,2.70993089675903,"P",100,0,-0.136743796849583,0.2
411,"PHE",-25.347,2.434,-23.035,"EMD6","CD",0,39.3270241850683,2.76537013053894,"F",92.3076923076923,1,-0.136743796849583,-3.7
412,"ALA",-24,5.811,-22.088,"EMD6","CD",0,50.788643533123,2.96340036392212,"A",30.7692307692308,0,-0.136743796849583,-1.6
413,"TRP",-26.587,8.582,-21.682,"EMD6","CD",0,52.1556256572029,2.77961611747742,"W",100,0,-0.136743796849583,-1.9
414,"LEU",-26.391,12.28,-22.579,"EMD6","CD",40.9043112513144,64.7739221871714,2.49825644493103,"L",53.8461538461538,1,-0.136743796849583,-2.8
415,"THR",-24.124,14.91,-24.086,"loop2","loop",0.10515247108307,73.3964248159832,2.49202489852905,"T",76.9230769230769,0,-0.136743796849583,-1.2
416,"GLY",-22.21,17.95,-23.052,"loop2","loop",0,33.1230283911672,2.28250956535339,"G",100,0,-0.136743796849583,-1
417,"TYR",-22.071,18.91,-19.342,"loop2","loop",0,30.2839116719243,1.86477446556091,"Y",100,1,-0.139249389516868,0.7
418,"LEU",-25.232,16.821,-18.465,"loop2","loop",0,12.8286014721346,1.81303310394287,"L",61.5384615384615,0,-0.136743796849583,-2.8
419,"ALA",-23.1,13.722,-19.29,"loop2","loop",0,3.5751840168244,1.84461438655853,"A",100,0,-0.136743796849583,-1.6
420,"ILE",-20.26,14.893,-16.965,"loop2","loop",0,0,1.5391720533371,"I",53.8461538461538,2,-0.136743796849583,-3.1
421,"LEU",-22.683,14.881,-14.071,"loop2","loop",0,0,1.44924592971802,"L",61.5384615384615,1,-0.136743796849583,-2.8
422,"VAL",-24.161,11.383,-15.12,"loop2","loop",0,0,1.59725677967072,"V",92.3076923076923,1,-0.136743796849583,-2.6
423,"GLY",-20.732,9.848,-15.036,"loop2","loop",0,0,1.40686178207397,"G",100,1,-0.136743796849583,-1
424,"ALA",-20.266,11.441,-11.568,"loop2","loop",0,0,1.2376537322998,"A",100,1,-0.136743796849583,-1.6
425,"GLY",-23.699,10.036,-10.503,"loop2","loop",0,0,1.41525959968567,"G",61.5384615384615,0,-0.136743796849583,-1
426,"MET",-22.685,6.652,-11.913,"loop2","loop",0,0.210304942166141,1.39226496219635,"M",76.9230769230769,0,-0.136743796849583,-3.4
427,"THR",-19.418,6.843,-9.835,"loop2","loop",0,11.882229232387,1.14996087551117,"T",100,2,-0.136743796849583,-1.2
428,"PHE",-21.38,8.285,-6.852,"loop2","loop",0,0,1.2746547460556,"F",100,2,-0.136743796849583,-3.7
429,"ILE",-23.554,5.008,-7.006,"loop2","loop",0,0,1.43017637729645,"I",46.1538461538462,0,-0.136743796849583,-3.1
430,"VAL",-20.49,2.75,-7.501,"loop2","loop",0,14.5110410094637,1.24999058246613,"V",76.9230769230769,1,-0.136743796849583,-2.6
431,"GLN",-18.813,4.341,-4.45,"loop2","loop",0,38.0651945320715,1.20156645774841,"Q",100,5,-0.136743796849583,4.1
432,"SER",-22.099,4.567,-2.451,"loop2","loop",0,0,1.47285985946655,"S",100,1,-0.136743796849583,-0.6
433,"SER",-22.189,0.732,-2.675,"loop2","loop",0,2.10304942166141,1.59405982494354,"S",100,0,-0.136743796849583,-0.6
434,"SER",-18.474,0.414,-1.752,"loop2","loop",16.9295478443743,18.2965299684543,1.44521009922028,"S",100,0,-0.136743796849583,-0.6
435,"VAL",-16.133,-2.479,-2.716,"loop2","loop",1.57728706624606,16.5089379600421,1.58069705963135,"V",100,2,-0.136743796849583,-2.6
436,"PHE",-18.648,-5.115,-4.019,"loop2","loop",0,9.77917981072555,1.7774646282196,"F",100,0,-0.136743796849583,-3.7
437,"THR",-19.779,-2.854,-6.921,"loop2","loop",0,7.67613038906414,1.41582667827606,"T",100,0,-0.136743796849583,-1.2
438,"SER",-16.356,-1.124,-7.322,"loop2","loop",0.10515247108307,6.09884332281809,1.22963106632233,"S",76.9230769230769,2,-0.136743796849583,-0.6
439,"ALA",-14.346,-4.388,-7.958,"loop2","loop",0,18.0862250262881,1.36620557308197,"A",100,1,-0.136743796849583,-1.6
440,"LEU",-16.495,-5.472,-10.822,"loop2","loop",0,5.99369085173502,1.41022205352783,"L",15.3846153846154,0,-0.136743796849583,-2.8
441,"THR",-16.71,-1.822,-12.307,"loop2","loop",0,22.7129337539432,1.19182932376862,"T",76.9230769230769,0,-0.136743796849583,-1.2
442,"PRO",-13.496,-1.891,-14.572,"loop2","loop",0,21.6614090431125,1.19368517398834,"P",100,2,-0.136743796849583,0.2
443,"LEU",-14.441,-5.348,-16.217,"loop2","loop",0,25.2365930599369,1.39254307746887,"L",100,1,-0.136743796849583,-2.8
444,"ILE",-16.982,-3.911,-18.634,"loop2","loop",0,18.1913774973712,1.51733553409576,"I",69.2307692307692,1,-0.136743796849583,-3.1
445,"GLY",-15.965,-1.209,-21.11,"EMD7","CD",0,46.5825446898002,1.63582360744476,"G",100,0,-0.136743796849583,-1
446,"ILE",-13.235,0.912,-19.572,"EMD7","CD",2.10304942166141,45.2155625657203,1.43678557872772,"I",38.4615384615385,1,-0.136743796849583,-3.1
447,"GLY",-14.981,1.576,-16.302,"EMD7","CD",0,35.3312302839117,1.19125950336456,"G",100,0,-0.136743796849583,-1
448,"VAL",-18.244,3.288,-15.317,"EMD7","CD",0,24.0799158780231,1.35232412815094,"V",100,0,-0.136743796849583,-2.6
449,"ILE",-20.873,3.894,-17.976,"EMD7","CD",0,49.6319663512093,1.862668633461,"I",100,1,-0.136743796849583,-3.1
450,"THR",-19.899,7.346,-19.459,"EMD7","CD",4.31125131440589,54.6792849631966,1.8828980922699,"T",15.3846153846154,1,-0.136743796849583,-1.2
451,"ILE",-18.061,9.179,-22.152,"EMD7","CD",0,44.0588853838065,2.13810920715332,"I",76.9230769230769,0,-0.136743796849583,-3.1
452,"GLU",-15.512,9.7,-23.532,"EMD7","CD",3.5751840168244,99.0536277602524,2.18311095237732,"E",84.6153846153846,0,-1.13574479585058,8.2
453,"ARG",-12.318,7.654,-23.458,"EMD7","CD",6.72975814931651,81.8086225026288,1.90683937072754,"R",100,0,0.863231084917044,12.3
454,"ALA",-10.253,9.539,-20.816,"TM5","TMD",0,29.2323869610936,1.76100409030914,"A",100,0,-0.136743796849583,-1.6
455,"TYR",-13.091,10.342,-18.288,"TM5","TMD",0,28.286014721346,1.55484282970428,"Y",100,2,-0.139249389516868,0.7
456,"PRO",-14.094,6.787,-16.928,"TM5","TMD",0,23.3438485804416,1.37877178192139,"P",100,1,-0.136743796849583,0.2
457,"LEU",-10.458,6.035,-16.014,"TM5","TMD",0,8.09674027339642,1.36313092708588,"L",100,0,-0.136743796849583,-2.8
458,"THR",-10.227,9.569,-14.566,"TM5","TMD",0,22.9232386961094,1.34430241584778,"T",76.9230769230769,1,-0.136743796849583,-1.2
459,"LEU",-13.112,8.535,-12.237,"TM5","TMD",0,4.10094637223975,1.14951932430267,"L",100,1,-0.136743796849583,-2.8
460,"GLY",-11.78,4.873,-11.968,"TM5","TMD",0,20.2944269190326,1.17161178588867,"G",100,1,-0.136743796849583,-1
461,"SER",-8.446,5.919,-10.367,"TM5","TMD",0,14.7213459516299,1.25129878520966,"S",92.3076923076923,2,-0.136743796849583,-0.6
462,"ASN",-10.449,8.031,-7.825,"TM5","TMD",0,34.1745531019979,0.987874090671539,"N",100,4,-0.136743796849583,4.8
463,"ILE",-12.405,4.803,-7.057,"TM5","TMD",0,1.47213459516299,0.958521723747253,"I",100,4,-0.136743796849583,-3.1
464,"GLY",-9.249,2.901,-5.759,"TM5","TMD",0,5.6782334384858,1.03195071220398,"G",100,0,-0.136743796849583,-1
465,"THR",-8.364,5.947,-3.653,"TM5","TMD",0,36.3827549947424,1.04446613788605,"T",100,3,-0.136743796849583,-1.2
466,"THR",-11.963,6.515,-2.41,"TM5","TMD",0,3.78548895899054,1.00225126743317,"T",100,2,-0.136743796849583,-1.2
467,"THR",-12.688,2.79,-1.638,"TM5","TMD",0,7.15036803364879,1.00128126144409,"T",100,2,-0.136743796849583,-1.2
468,"THR",-9.214,2.782,0.084,"TM5","TMD",0,20.3995793901157,1.10752820968628,"T",100,3,-0.136743796849583,-1.2
469,"ALA",-10.386,5.68,2.288,"TM5","TMD",0,23.7644584647739,1.25710880756378,"A",100,0,-0.136743796849583,-1.6
470,"ILE",-13.7,3.89,3.196,"TM5","TMD",0,0,1.25727641582489,"I",76.9230769230769,1,-0.136743796849583,-3.1
471,"LEU",-11.795,0.771,4.265,"TM5","TMD",0,0.525762355415352,1.27445435523987,"L",100,1,-0.136743796849583,-2.8
472,"ALA",-9.18,2.668,6.407,"TM5","TMD",0,41.745531019979,1.44847822189331,"A",100,0,-0.136743796849583,-1.6
473,"ALA",-11.964,4.625,8.336,"TM5","TMD",0,35.6466876971609,1.60359621047974,"A",100,1,-0.136743796849583,-1.6
474,"LEU",-13.701,1.291,9.144,"TM5","TMD",0,22.7129337539432,1.77792859077454,"L",100,0,-0.136743796849583,-2.8
475,"ALA",-10.535,-0.443,10.282,"TM5","TMD",0.10515247108307,38.4858044164038,1.91293752193451,"A",100,0,-0.136743796849583,-1.6
476,"SER",-10.51,2.242,13.154,"TM5","TMD",0,54.1535226077813,2.31737375259399,"S",100,0,-0.136743796849583,-0.6
477,"PRO",-11.569,0.624,16.493,"EMD8","ECD",0.10515247108307,10.410094637224,2.79412579536438,"P",100,1,-0.136743796849583,0.2
478,"GLY",-14.651,2.22,18.086,"EMD8","ECD",0,45.9516298633018,2.91265606880188,"G",38.4615384615385,0,-0.136743796849583,-1
479,"ASN",-18.054,2.853,16.431,"EMD8","ECD",0.10515247108307,56.8874868559411,2.7959578037262,"N",30.7692307692308,2,-0.136743796849583,4.8
480,"ALA",-18.013,5.021,13.236,"EMD8","ECD",0.315457413249211,28.7066246056782,2.51740336418152,"A",15.3846153846154,0,-0.136743796849583,-1.6
481,"LEU",-19.78,8.185,14.601,"EMD8","ECD",0.736067297581493,19.348054679285,2.51701259613037,"L",92.3076923076923,1,-0.136743796849583,-2.8
482,"ARG",-18.12,11.042,12.69,"TM6","TMD",0,78.9695057833859,2.26077747344971,"R",30.7692307692308,1,0.863231084917044,12.3
483,"SER",-16.018,8.804,10.312,"TM6","TMD",0,67.192429022082,2.11708354949951,"S",84.6153846153846,1,-0.136743796849583,-0.6
484,"SER",-19.217,7.469,8.672,"TM6","TMD",0,4.94216614090431,2.0960099697113,"S",61.5384615384615,0,-0.136743796849583,-0.6
485,"LEU",-20.127,11.113,7.839,"TM6","TMD",0,0,1.98056066036224,"L",46.1538461538462,0,-0.136743796849583,-2.8
486,"GLN",-16.532,12.041,6.963,"TM6","TMD",0,62.2502628811777,1.80637645721436,"Q",100,0,-0.136743796849583,4.1
487,"ILE",-16.107,9.13,4.422,"TM6","TMD",0,1.36698212407992,1.5906720161438,"I",76.9230769230769,2,-0.136743796849583,-3.1
488,"ALA",-19.46,10.042,2.859,"TM6","TMD",0,0,1.59664487838745,"A",100,0,-0.136743796849583,-1.6
489,"LEU",-18.09,13.619,2.526,"TM6","TMD",0,0,1.49805247783661,"L",100,0,-0.136743796849583,-2.8
490,"CYS",-14.714,12.379,1.067,"TM6","TMD",0,0.315457413249211,1.33821189403534,"C",76.9230769230769,0,-0.210331352967156,-2
491,"HSE",-16.542,10.305,-1.62,"TM6","TMD",0,0,1.26367795467377,"H",100,4,-0.0249280270714658,3
492,"PHE",-18.681,13.301,-2.632,"TM6","TMD",0,0,1.25432503223419,"F",100,0,-0.136743796849583,-3.7
493,"PHE",-15.565,15.46,-2.741,"TM6","TMD",0,0,1.191401720047,"F",100,2,-0.136743796849583,-3.7
494,"PHE",-13.732,13.346,-5.367,"TM6","TMD",0,2.41850683491062,1.09480607509613,"F",100,3,-0.136743796849583,-3.7
495,"ASN",-16.885,12.909,-7.667,"TM6","TMD",0,26.813880126183,1.0877423286438,"N",100,3,-0.136743796849583,4.8
496,"ILE",-17.211,16.787,-7.481,"TM6","TMD",0,0,1.15789711475372,"I",76.9230769230769,0,-0.136743796849583,-3.1
497,"SER",-13.446,17.281,-8.158,"TM6","TMD",0,0.10515247108307,1.17974424362183,"S",76.9230769230769,1,-0.136743796849583,-0.6
498,"GLY",-14.267,14.98,-11.137,"TM6","TMD",0,2.31335436382755,1.16253888607025,"G",100,0,-0.136743796849583,-1
499,"ILE",-17.003,17.307,-12.32,"TM6","TMD",0,0.841219768664564,1.22433638572693,"I",100,2,-0.136743796849583,-3.1
500,"LEU",-14.91,20.517,-11.864,"TM6","TMD",0,0.525762355415352,1.35287725925446,"L",92.3076923076923,0,-0.136743796849583,-2.8
501,"LEU",-11.897,18.977,-13.528,"TM6","TMD",0,2.94426919032597,1.36874306201935,"L",100,1,-0.136743796849583,-2.8
502,"TRP",-13.744,17.802,-16.683,"TM6","TMD",0,20.5047318611987,1.43440520763397,"W",100,2,-0.136743796849583,-1.9
503,"TYR",-15.977,20.743,-17.253,"TM6","TMD",0.315457413249211,10.7255520504732,1.58630454540253,"Y",100,1,-0.139249389516868,0.7
504,"PRO",-13.628,23.007,-19.439,"TM6","TMD",0,2.31335436382755,1.87219178676605,"P",76.9230769230769,0,-0.136743796849583,0.2
505,"ILE",-12.103,20.215,-21.288,"TM6","TMD",0,11.7770767613039,1.87886071205139,"I",38.4615384615385,1,-0.136743796849583,-3.1
506,"PRO",-14.334,18.788,-24.216,"TM6","TMD",0,34.0694006309148,2.14966988563538,"P",100,0,-0.136743796849583,0.2
507,"PHE",-15.714,22.028,-25.349,"TM6","TMD",0,32.807570977918,2.24403047561646,"F",38.4615384615385,0,-0.136743796849583,-3.7
508,"THR",-12.296,23.717,-25.605,"TM6","TMD",0,40.1682439537329,2.31822800636292,"T",76.9230769230769,0,-0.136743796849583,-1.2
509,"ARG",-10.492,20.448,-26.594,"EMD9","CD",2.10304942166141,87.2765509989485,2.35529732704163,"R",100,0,0.863231084917044,12.3
510,"LEU",-7.827,21.376,-23.977,"EMD9","CD",0.210304942166141,33.5436382754995,2.22177410125732,"L",100,0,-0.136743796849583,-2.8
511,"PRO",-4.431,19.527,-24.107,"EMD9","CD",0,21.9768664563617,2.26135659217834,"P",100,0,-0.136743796849583,0.2
512,"ILE",-3.669,18.018,-20.591,"EMD9","CD",0.10515247108307,57.2029442691903,2.29540848731995,"I",100,1,-0.136743796849583,-3.1
513,"ARG",-0.211,18.545,-19.173,"EMD9","CD",0,69.5057833859096,2.23381376266479,"R",76.9230769230769,0,0.863231084917044,12.3
514,"MET",0.26,16.285,-16.083,"EMD9","CD",0.10515247108307,48.4752891692955,1.93728959560394,"M",53.8461538461538,1,-0.136743796849583,-3.4
515,"ALA",1.159,17.516,-12.652,"EMD9","CD",0,24.0799158780231,1.77241444587708,"A",100,2,-0.136743796849583,-1.6
516,"LYS",3.265,14.305,-12.081,"EMD9","CD",0,32.1766561514196,1.94126987457275,"K",92.3076923076923,5,0.860750610483132,8.8
517,"GLY",4.794,14.774,-15.645,"EMD9","CD",0,34.1745531019979,2.1210994720459,"G",38.4615384615385,0,-0.136743796849583,-1
518,"LEU",5.917,12.145,-18.323,"EMD9","CD",0.420609884332282,42.5867507886435,2.29704666137695,"L",76.9230769230769,1,-0.136743796849583,-2.8
519,"GLY",9.239,10.22,-18.357,"EMD9","CD",0,43.217665615142,2.29320573806763,"G",100,1,-0.136743796849583,-1
520,"ASN",10.921,6.745,-18.427,"EMD9","CD",0.525762355415352,65.720294426919,2.23558568954468,"N",46.1538461538462,0,-0.136743796849583,4.8
521,"ILE",9.232,3.957,-16.435,"EMD9","CD",0,20.0841219768665,2.00774121284485,"I",38.4615384615385,3,-0.136743796849583,-3.1
522,"SER",12.409,2.719,-15.018,"TM7","TMD",0,60.3575184016824,1.86591994762421,"S",38.4615384615385,1,-0.136743796849583,-0.6
523,"ALA",13.045,6.221,-13.558,"TM7","TMD",0,14.7213459516299,1.82916510105133,"A",92.3076923076923,0,-0.136743796849583,-1.6
524,"LYS",9.449,6.59,-12.463,"TM7","TMD",0,59.0956887486856,1.65042412281036,"K",76.9230769230769,1,0.860750610483132,8.8
525,"TYR",9.606,3.423,-10.349,"TM7","TMD",0,8.51735015772871,1.5279186964035,"Y",100,4,-0.139249389516868,0.7
526,"ARG",12.668,4.447,-8.211,"TM7","TMD",0,71.3985278654048,1.69896423816681,"R",100,2,0.863231084917044,12.3
527,"TRP",11.29,8.04,-8.234,"TM7","TMD",0,6.62460567823344,1.64538681507111,"W",100,0,-0.136743796849583,-1.9
528,"PHE",7.961,6.513,-6.71,"TM7","TMD",0,0.210304942166141,1.5798032283783,"F",76.9230769230769,3,-0.136743796849583,-3.7
529,"ALA",10.112,5.165,-3.806,"TM7","TMD",0.736067297581493,0,1.78181576728821,"A",100,0,-0.136743796849583,-1.6
530,"VAL",13.22,7.291,-3.073,"TM7","TMD",0,0,1.77058887481689,"V",69.2307692307692,1,-0.136743796849583,-2.6
531,"PHE",12.423,10.848,-4.274,"TM7","TMD",0,0,1.63425409793854,"F",30.7692307692308,0,-0.136743796849583,-3.7
532,"TYR",9.242,11.02,-2.16,"TM7","TMD",0,12.6182965299685,1.45198225975037,"Y",100,2,-0.139249389516868,0.7
533,"LEU",11.109,9.582,0.855,"TM7","TMD",0,0,1.4394097328186,"L",100,2,-0.136743796849583,-2.8
534,"ILE",13.751,12.469,0.658,"TM7","TMD",0,0,1.56585276126862,"I",38.4615384615385,0,-0.136743796849583,-3.1
535,"ILE",10.812,14.947,0.04,"TM7","TMD",0,0,1.56926870346069,"I",15.3846153846154,0,-0.136743796849583,-3.1
536,"PHE",8.605,13.921,3.018,"TM7","TMD",0,0,1.48090064525604,"F",38.4615384615385,4,-0.136743796849583,-3.7
537,"PHE",11.699,13.868,5.293,"TM7","TMD",0,28.4963196635121,1.56095862388611,"F",100,3,-0.136743796849583,-3.7
538,"PHE",12.898,17.294,3.938,"TM7","TMD",0,0.210304942166141,1.89372575283051,"F",23.0769230769231,0,-0.136743796849583,-3.7
539,"LEU",9.251,18.709,4.254,"TM7","TMD",0,0,2.79775238037109,"L",92.3076923076923,1,-0.136743796849583,-2.8
540,"ILE",8.695,17.979,8.023,"TM7","TMD",0,0.10515247108307,2.75805497169495,"I",23.0769230769231,1,-0.136743796849583,-3.1
541,"PRO",11.532,20.158,9.719,"EMD10","ECD",0,13.8801261829653,2.24469256401062,"P",100,0,-0.136743796849583,0.2
542,"LEU",10.893,23.056,7.397,"EMD10","ECD",0,9.98948475289169,2.60704565048218,"L",61.5384615384615,0,-0.136743796849583,-2.8
543,"THR",7.056,22.92,7.777,"EMD10","ECD",0.841219768664564,32.807570977918,3.17487239837646,"T",30.7692307692308,1,-0.136743796849583,-1.2
544,"VAL",6.355,21.571,11.388,"EMD10","ECD",0,10.9358569926393,2.92460680007935,"V",76.9230769230769,0,-0.136743796849583,-2.6
545,"PHE",9.505,23.144,12.975,"EMD10","ECD",5.15247108307045,38.6961093585699,3.07768130302429,"F",100,0,-0.136743796849583,-3.7
546,"GLY",9.039,23.975,16.717,"EMD10","ECD",0,54.4689800210305,3.35145401954651,"G",100,0,-0.136743796849583,-1
547,"LEU",5.857,21.893,17.054,"EMD10","ECD",0.420609884332282,42.1661409043112,3.07538485527039,"L",69.2307692307692,1,-0.136743796849583,-2.8
548,"SER",8.23,18.801,16.814,"EMD10","ECD",47.8443743427971,69.7160883280757,3.32853293418884,"S",100,0,-0.136743796849583,-0.6
549,"LEU",8.013,16.946,20.12,"EMD10","ECD",6.83491062039958,47.9495268138801,3.22181677818298,"L",61.5384615384615,0,-0.136743796849583,-2.8
550,"ALA",9.684,13.617,19.111,"EMD10","ECD",7.78128286014721,41.4300736067298,2.55775690078735,"A",92.3076923076923,0,-0.136743796849583,-1.6
551,"GLY",13.376,13.782,17.898,"EMD10","ECD",0,41.9558359621451,2.72577953338623,"G",100,0,-0.136743796849583,-1
552,"TRP",15.416,12.011,15.433,"EMD10","ECD",0.10515247108307,49.211356466877,2.50359010696411,"W",76.9230769230769,4,-0.136743796849583,-1.9
553,"ARG",18.72,9.993,15.959,"EMD10","ECD",0.736067297581493,82.4395373291272,2.37995409965515,"R",30.7692307692308,2,0.863231084917044,12.3
554,"VAL",22.064,11.811,15.584,"EMD10","ECD",0.525762355415352,39.9579390115668,2.874920129776,"V",61.5384615384615,0,-0.136743796849583,-2.6
555,"LEU",23.806,11.676,12.282,"EMD10","ECD",10.9358569926393,47.9495268138801,3.56527018547058,"L",61.5384615384615,0,-0.136743796849583,-2.8
556,"VAL",24.852,8.682,10.129,"EMD10","ECD",0,22.5026288117771,3.09585928916931,"V",76.9230769230769,0,-0.136743796849583,-2.6
557,"GLY",25.211,5.483,12.238,"EMD10","ECD",0,28.391167192429,2.8934280872345,"G",76.9230769230769,0,-0.136743796849583,-1
558,"VAL",21.884,4.098,10.874,"EMD10","ECD",0,43.217665615142,2.33808326721191,"V",100,1,-0.136743796849583,-2.6
559,"GLY",22.495,0.352,11.239,"TM8","TMD",0,1.15667718191377,2.04423928260803,"G",92.3076923076923,0,-0.136743796849583,-1
560,"VAL",21.77,-2.685,8.861,"TM8","TMD",0,38.1703470031546,2.07602119445801,"V",30.7692307692308,0,-0.136743796849583,-2.6
561,"PRO",17.96,-2.324,7.95,"TM8","TMD",0,0.525762355415352,1.92024850845337,"P",100,1,-0.136743796849583,0.2
562,"VAL",18.518,1.213,6.46,"TM8","TMD",0,1.7875920084122,1.92235589027405,"V",15.3846153846154,1,-0.136743796849583,-2.6
563,"VAL",21.486,-0.203,4.541,"TM8","TMD",0,0,2.07559084892273,"V",46.1538461538462,0,-0.136743796849583,-2.6
564,"PHE",19.6,-3.334,3.367,"TM8","TMD",0,0.10515247108307,1.99760901927948,"F",15.3846153846154,0,-0.136743796849583,-3.7
565,"ILE",16.966,-0.799,2.071,"TM8","TMD",0,0,1.80348527431488,"I",15.3846153846154,2,-0.136743796849583,-3.1
566,"ILE",19.809,0.924,0.047,"TM8","TMD",0,0.10515247108307,1.99930465221405,"I",30.7692307692308,0,-0.136743796849583,-3.1
567,"ILE",20.886,-2.524,-1.089,"TM8","TMD",0,0,2.1445734500885,"I",15.3846153846154,0,-0.136743796849583,-3.1
568,"LEU",17.3,-3.488,-2.178,"TM8","TMD",0,0,1.88933074474335,"L",61.5384615384615,1,-0.136743796849583,-2.8
569,"VAL",16.799,-0.376,-4.377,"TM8","TMD",0,5.04731861198738,1.79937756061554,"V",84.6153846153846,2,-0.136743796849583,-2.6
570,"LEU",20.278,-1.031,-6.138,"TM8","TMD",0,0.315457413249211,2.059978723526,"L",30.7692307692308,0,-0.136743796849583,-2.8
571,"CYS",19.329,-4.621,-6.404,"TM8","TMD",0,0,2.03386425971985,"C",30.7692307692308,0,-0.210331352967156,-2
572,"LEU",15.938,-3.361,-7.869,"TM8","TMD",0,0,1.79150092601776,"L",38.4615384615385,1,-0.136743796849583,-2.8
573,"ARG",17.789,-1.29,-10.461,"TM8","TMD",0,75.3943217665615,1.91655790805817,"R",30.7692307692308,1,0.863231084917044,12.3
574,"LEU",20.046,-4.248,-11.427,"TM8","TMD",0,0,1.99676537513733,"L",15.3846153846154,0,-0.136743796849583,-2.8
575,"LEU",16.841,-6.327,-11.896,"TM8","TMD",0,0.210304942166141,1.78383839130402,"L",100,0,-0.136743796849583,-2.8
576,"GLN",15.301,-3.365,-13.943,"TM8","TMD",0,48.5804416403785,1.72478532791138,"Q",100,4,-0.136743796849583,4.1
577,"SER",18.567,-3.228,-16.076,"TM8","TMD",0,57.5184016824395,1.97317969799042,"S",53.8461538461538,0,-0.136743796849583,-0.6
578,"ARG",18.432,-6.974,-17.096,"C-domain","CD",0,75.4994742376446,1.98058569431305,"R",76.9230769230769,0,0.863231084917044,12.3
579,"CYS",14.61,-7.27,-17.343,"C-domain","CD",0,31.335436382755,1.88487100601196,"C",38.4615384615385,1,-0.210331352967156,-2
580,"PRO",12.567,-7.368,-19.657,"C-domain","CD",0.315457413249211,48.0546792849632,1.92853617668152,"P",100,1,-0.136743796849583,0.2
581,"ARG",15.302,-8.642,-22,"C-domain","CD",0,78.9695057833859,1.9546617269516,"R",30.7692307692308,0,0.863231084917044,12.3
582,"VAL",15.942,-6.146,-24.793,"C-domain","CD",0,13.1440588853838,1.88150751590729,"V",15.3846153846154,0,-0.136743796849583,-2.6
583,"LEU",17.949,-8.085,-27.37,"C-domain","CD",0,29.1272344900105,1.81039822101593,"L",100,0,-0.136743796849583,-2.8
584,"PRO",15.88,-11.268,-28.174,"C-domain","CD",0,5.36277602523659,1.64166915416718,"P",100,0,-0.136743796849583,0.2
585,"LYS",12.88,-8.987,-28.524,"C-domain","CD",0,64.5636172450053,1.53408825397491,"K",53.8461538461538,2,0.860750610483132,8.8
586,"LYS",14.781,-6.551,-30.719,"C-domain","CD",0,58.5699263932702,1.42284691333771,"K",38.4615384615385,4,0.860750610483132,8.8
587,"LEU",16.378,-9.18,-32.977,"C-domain","CD",0,2.10304942166141,1.30317163467407,"L",100,1,-0.136743796849583,-2.8
588,"GLN",13.006,-10.896,-33.622,"C-domain","CD",0,66.0357518401682,1.24362897872925,"Q",69.2307692307692,0,-0.136743796849583,4.1
589,"ASN",11.157,-7.577,-34.324,"C-domain","CD",0,48.8958990536278,1.1840558052063,"N",15.3846153846154,3,-0.136743796849583,4.8
590,"TRP",14.085,-6.435,-36.581,"C-domain","CD",0,37.5394321766561,1.1857430934906,"W",100,4,-0.136743796849583,-1.9
591,"ASN",14.104,-9.704,-38.588,"C-domain","CD",0,69.5057833859096,1.191650390625,"N",30.7692307692308,0,-0.136743796849583,4.8
592,"PHE",10.192,-9.67,-38.738,"C-domain","CD",0,0.210304942166141,1.12726783752441,"F",76.9230769230769,5,-0.136743796849583,-3.7
593,"LEU",9.693,-6.493,-40.604,"C-domain","CD",0.10515247108307,0,1.21442103385925,"L",100,3,-0.136743796849583,-2.8
594,"PRO",10.985,-7.157,-44.161,"C-domain","CD",0,10.3049421661409,1.45999205112457,"P",100,0,-0.136743796849583,0.2
595,"LEU",9.547,-10.712,-43.856,"C-domain","CD",0,17.4553101997897,1.448734998703,"L",53.8461538461538,1,-0.136743796849583,-2.8
596,"TRP",6.22,-9.084,-43.094,"C-domain","CD",0,35.856992639327,1.37833225727081,"W",100,2,-0.136743796849583,-1.9
597,"MET",6.821,-6.666,-46.017,"C-domain","CD",0,22.0820189274448,1.66425752639771,"M",69.2307692307692,4,-0.136743796849583,-3.4
598,"ARG",7.376,-9.353,-48.711,"C-domain","CD",0,92.9547844374343,1.94890439510345,"R",23.0769230769231,0,0.863231084917044,12.3
599,"SER",4.439,-11.155,-47.201,"C-domain","CD",0,64.0378548895899,1.94005489349365,"S",100,0,-0.136743796849583,-0.6
600,"LEU",2.555,-7.944,-47.797,"C-domain","CD",0,36.4879074658255,2.08226084709167,"L",100,0,-0.136743796849583,-2.8
601,"LYS",0.33,-7.552,-50.804,"C-domain","CD",0,88.3280757097792,2.61234903335571,"K",46.1538461538462,0,0.860750610483132,8.8
602,"PRO",0.459,-3.693,-50.951,"C-domain","CD",0.210304942166141,5.99369085173502,2.97201538085938,"P",100,0,-0.136743796849583,0.2
603,"TRP",4.24,-3.472,-50.528,"C-domain","CD",0,25.34174553102,3.04510402679443,"W",61.5384615384615,1,-0.136743796849583,-1.9
604,"ASP",4.598,-1.461,-53.782,"C-domain","CD",0,99.3690851735016,3.10014772415161,"D",100,0,-1.13574479585058,9.2
605,"ALA",1.888,1.033,-52.674,"C-domain","CD",0.315457413249211,12.0925341745531,3.12250733375549,"A",15.3846153846154,0,-0.136743796849583,-1.6
606,"VAL",3.528,1.359,-49.18,"C-domain","CD",0,1.89274447949527,2.75453019142151,"V",23.0769230769231,0,-0.136743796849583,-2.6
607,"VAL",7.064,1.921,-50.8,"C-domain","CD",0,0.946372239747634,2.93929362297058,"V",30.7692307692308,0,-0.136743796849583,-2.6
608,"SER",5.184,4.841,-52.765,"C-domain","CD",0,69.6109358569926,3.3760712146759,"S",30.7692307692308,0,-0.136743796849583,-0.6
609,"LYS",3.68,6.357,-49.572,"C-domain","CD",0,77.4973711882229,3.26646518707275,"K",15.3846153846154,0,0.860750610483132,8.8
610,"PHE",7.172,5.978,-48.041,"C-domain","CD",0,1.36698212407992,3.06414008140564,"F",15.3846153846154,3,-0.136743796849583,-3.7
611,"THR",8.9,7.694,-50.939,"C-domain","CD",0,54.6792849631966,3.53147506713867,"T",76.9230769230769,0,-0.136743796849583,-1.2
612,"GLY",6.201,10.454,-50.732,"C-domain","CD",0,33.3333333333333,3.81937384605408,"G",15.3846153846154,0,-0.136743796849583,-1
613,"CYS",7.477,11.167,-47.158,"C-domain","CD",0,5.6782334384858,3.63132739067078,"C",76.9230769230769,2,-0.210331352967156,-2
614,"PHE",11.141,11.824,-48.324,"C-domain","CD",0,46.8980021030494,3.86909437179565,"F",38.4615384615385,3,-0.136743796849583,-3.7
615,"GLN",9.92,14.432,-50.926,"C-domain","CD",0.315457413249211,76.0252365930599,4.54038524627686,"Q",38.4615384615385,0,-0.136743796849583,4.1
616,"MET",11.238,17.913,-50.324,"C-domain","CD",12.6182965299685,67.9284963196635,5.12993288040161,"M",23.0769230769231,0,-0.136743796849583,-3.4
617,"ARG",12.66,18.458,-46.714,"C-domain","CD",0,82.2292323869611,5.00027465820312,"R",38.4615384615385,1,0.863231084917044,12.3
618,"CYS",11.129,15.242,-45.288,"C-domain","CD",98.2124079915878,3.89064143007361,4.2480411529541,"C",38.4615384615385,2,-0.210331352967156,-2
619,"CYS",8.101,14.214,-43.142,"C-domain","CD",0,0.210304942166141,3.89001059532166,"C",38.4615384615385,2,-0.210331352967156,-2
620,"CYS",8.025,13.595,-39.332,"C-domain","CD",0,36.6982124079916,3.75636267662048,"C",38.4615384615385,1,-0.210331352967156,-2
621,"CYS",8.097,9.842,-39.49,"C-domain","CD",0,31.7560462670873,3.07447290420532,"C",38.4615384615385,3,-0.210331352967156,-2
622,"CYS",11.041,9.496,-41.82,"C-domain","CD",0,0,3.01806783676147,"C",38.4615384615385,3,-0.210331352967156,-2
623,"ARG",13.541,11.889,-40.233,"C-domain","CD",0,77.602523659306,3.40778946876526,"R",38.4615384615385,1,0.863231084917044,12.3
624,"VAL",15.539,9.109,-38.596,"C-domain","CD",0,21.5562565720294,2.91917896270752,"V",38.4615384615385,2,-0.136743796849583,-2.6
625,"CYS",15.721,7.432,-42.12,"C-domain","CD",0,45.1104100946372,2.71149563789368,"C",38.4615384615385,2,-0.210331352967156,-2
626,"CYS",16.565,10.904,-43.694,"C-domain","CD",0,45.4258675078864,3.45055651664734,"C",38.4615384615385,2,-0.210331352967156,-2
627,"ARG",19.916,10.971,-41.884,"C-domain","CD",0,89.589905362776,3.54522705078125,"R",38.4615384615385,0,0.863231084917044,12.3
628,"ALA",20.538,7.156,-42.51,"C-domain","CD",8.93796004206099,21.0304942166141,3.05733680725098,"A",15.3846153846154,1,-0.136743796849583,-1.6
629,"CYS",20.292,6.384,-38.748,"C-domain","CD",0,42.0609884332282,2.68197441101074,"C",38.4615384615385,0,-0.210331352967156,-2
630,"CYS",17.892,3.397,-38.947,"C-domain","CD",1.36698212407992,10.1997896950578,2.16389632225037,"C",38.4615384615385,3,-0.210331352967156,-2
631,"LEU",16.827,1.354,-41.999,"C-domain","CD",0,37.32912723449,2.06052112579346,"L",15.3846153846154,0,-0.136743796849583,-2.8
632,"LEU",13.06,1.262,-42.859,"C-domain","CD",1.47213459516299,57.8338590956887,1.93810427188873,"L",23.0769230769231,3,-0.136743796849583,-2.8
633,"CYS",12.175,3.32,-39.838,"C-domain","CD",0,29.9684542586751,2.09503126144409,"C",38.4615384615385,4,-0.210331352967156,-2
634,"GLY",8.737,5.2,-40.168,"C-domain","CD",0,19.2429022082019,2.43085813522339,"D",7.69230769230769,1,-1.13574479585058,9.2
635,"CYS",7.235,3.119,-42.917,"C-domain","CD",0,3.99579390115668,2.20809054374695,"C",38.4615384615385,3,-0.210331352967156,-2
636,"PRO",3.33,3.932,-43.145,"C-domain","CD",1.0515247108307,27.7602523659306,2.3431830406189,"P",15.3846153846154,0,-0.136743796849583,0.2
637,"LYS",1.105,1.308,-41.347,"C-domain","CD",1.0515247108307,89.589905362776,2.25077295303345,"K",38.4615384615385,0,0.860750610483132,8.8
638,"CYS",3.837,-1.134,-40.412,"C-domain","CD",0,31.335436382755,1.78172647953033,"C",84.6153846153846,2,-0.210331352967156,-2
639,"CYS",4.066,-3.887,-37.915,"C-domain","CD",0,1.68243953732913,1.51634955406189,"C",61.5384615384615,3,-0.210331352967156,-2
640,"ARG",7.09,-3.867,-35.625,"C-domain","CD",1.0515247108307,87.6971608832808,1.47155916690826,"R",76.9230769230769,3,0.863231084917044,12.3
641,"CYS",8.186,-0.58,-37.028,"C-domain","CD",0,43.0073606729758,1.64996576309204,"C",53.8461538461538,3,-0.210331352967156,-2
642,"SER",9.762,2.457,-35.325,"C-domain","CD",0,58.6750788643533,1.95211362838745,"S",30.7692307692308,4,-0.136743796849583,-0.6
643,"LYS",8.484,6.052,-36.006,"C-domain","CD",0.946372239747634,75.6046267087277,2.43518567085266,"K",38.4615384615385,2,0.860750610483132,8.8
644,"CYS",5.257,4.586,-37.401,"C-domain","CD",0,47.8443743427971,2.40737152099609,"C",53.8461538461538,0,-0.210331352967156,-2
645,"CYS",3.058,6.625,-35.031,"C-domain","CD",0,51.5247108307045,3.00910592079163,"C",30.7692307692308,0,-0.210331352967156,-2
646,"GLU",4.754,9.844,-36.238,"C-domain","CD",0.10515247108307,98.527865404837,3.27151322364807,"E",23.0769230769231,2,-1.13574479585058,8.2
647,"ASP",2.761,12.495,-38.512,"C-domain","CD",0.315457413249211,99.4742376445846,3.8068687915802,"D",30.7692307692308,1,-1.13574479585058,9.2
648,"LEU",2.67,12.597,-42.393,"C-domain","CD",0.10515247108307,62.2502628811777,3.8289794921875,"L",69.2307692307692,2,-0.136743796849583,-2.8
649,"GLU",3.053,16.409,-42.349,"C-domain","CD",0,99.6845425867508,4.42061042785645,"E",30.7692307692308,1,-1.13574479585058,8.2
650,"GLU",6.143,18.182,-43.774,"C-domain","CD",0.210304942166141,98.4227129337539,4.59811449050903,"E",30.7692307692308,1,-1.13574479585058,8.2
651,"ALA",8.296,18.509,-40.696,"C-domain","CD",0.841219768664564,43.5331230283912,4.68329668045044,"A",15.3846153846154,2,-0.136743796849583,-1.6
652,"GLN",8.586,21.642,-38.391,"C-domain","CD",0.210304942166141,77.8128286014721,5.26236152648926,"Q",7.69230769230769,0,-0.136743796849583,4.1
653,"GLU",11.705,23.731,-38.555,"C-domain","CD",0.841219768664564,99.1587802313354,5.57711505889893,"E",23.0769230769231,0,-1.13574479585058,8.2
654,"GLY",13.774,24.912,-35.538,"C-domain","CD",0,49.4216614090431,5.75874757766724,"G",23.0769230769231,0,-0.136743796849583,-1
655,"GLN",14.223,23.424,-31.951,"C-domain","CD",0.10515247108307,83.2807570977918,5.87131309509277,"Q",30.7692307692308,0,-0.136743796849583,4.1
656,"ASP",11.497,25.465,-29.922,"C-domain","CD",0.10515247108307,98.3175604626709,5.70950126647949,"D",38.4615384615385,0,-1.13574479585058,9.2
657,"VAL",8.9,22.931,-31.354,"C-domain","CD",0.210304942166141,49.211356466877,4.50699472427368,"V",23.0769230769231,0,-0.136743796849583,-2.6
658,"PRO",7.975,19.972,-28.935,"C-domain","CD",0.10515247108307,48.2649842271293,4.41726493835449,"P",100,0,-0.136743796849583,0.2
659,"VAL",10.067,16.705,-28.581,"C-domain","CD",0,56.8874868559411,4.03529024124146,"V",38.4615384615385,0,-0.136743796849583,-2.6
660,"LYS",8.896,13.055,-28.551,"C-domain","CD",0.315457413249211,82.018927444795,3.92394709587097,"K",38.4615384615385,1,0.860750610483132,8.8
661,"ALA",9.678,10.235,-26.008,"C-domain","CD",0.210304942166141,65.2996845425868,4.06460762023926,"A",30.7692307692308,0,-0.136743796849583,-1.6
662,"PRO",12.16,7.408,-27.132,"C-domain","CD",0,38.3806519453207,3.43664598464966,"P",61.5384615384615,0,-0.136743796849583,0.2
663,"GLU",10.136,4.417,-28.633,"C-domain","CD",0,99.4742376445846,3.03002214431763,"E",15.3846153846154,1,-1.13574479585058,8.2
664,"THR",9.434,1.098,-26.998,"C-domain","CD",0.210304942166141,84.1219768664564,2.96819710731506,"T",15.3846153846154,0,-0.136743796849583,-1.2
665,"PHE",11.52,-1.91,-28.241,"C-domain","CD",6.30914826498423,59.3059936908517,2.25305533409119,"F",38.4615384615385,3,-0.136743796849583,-3.7
666,"ASP",12.965,0.379,-30.969,"C-domain","CD",0,95.478443743428,2.01089763641357,"D",30.7692307692308,1,-1.13574479585058,9.2
667,"ASN",14.565,-0.867,-34.303,"C-domain","CD",0,51.9453207150368,1.61325669288635,"N",38.4615384615385,5,-0.136743796849583,4.8
668,"ILE",17.073,2.102,-34.044,"C-domain","CD",0,35.2260778128286,1.89538621902466,"I",15.3846153846154,3,-0.136743796849583,-3.1
669,"THR",19.356,0.316,-31.542,"C-domain","CD",0,66.1409043112513,1.84181463718414,"T",15.3846153846154,1,-0.136743796849583,-1.2
670,"ILE",19.539,-2.961,-33.297,"C-domain","CD",0,8.93796004206099,1.56709277629852,"I",15.3846153846154,4,-0.136743796849583,-3.1
671,"SER",20.244,-1.275,-36.623,"C-domain","CD",0,57.6235541535226,1.59858644008636,"S",30.7692307692308,2,-0.136743796849583,-0.6
672,"ARG",23.596,0.188,-37.629,"C-domain","CD",0.10515247108307,84.8580441640379,1.83162534236908,"R",15.3846153846154,2,0.863231084917044,12.3
673,"GLU",23.621,3.653,-39.224,"C-domain","CD",0.736067297581493,99.7896950578339,2.39487433433533,"E",38.4615384615385,0,-1.13574479585058,8.2
674,"ALA",23.572,3.08,-42.899,"C-domain","CD",0,47.0031545741325,3.13448643684387,"A",23.0769230769231,1,-0.136743796849583,-1.6
675,"GLN",26.851,4.452,-44.196,"C-domain","CD",0.841219768664564,76.5509989484753,3.71909165382385,"Q",38.4615384615385,0,-0.136743796849583,4.1
676,"GLY",29.607,2.668,-46.037,"C-domain","CD",0,57.7287066246057,4.1751275062561,"G",15.3846153846154,0,-0.136743796849583,-1
677,"GLU",29.434,-1.096,-46.027,"C-domain","CD",0,99.5793901156677,4.09760189056396,"E",38.4615384615385,0,-1.13574479585058,8.2
678,"VAL",25.806,-1.16,-44.666,"C-domain","CD",0,28.391167192429,3.44259333610535,"V",46.1538461538462,1,-0.136743796849583,-2.6
679,"PRO",23.803,-0.278,-47.932,"C-domain","CD",0,41.5352260778128,3.1962251663208,"P",15.3846153846154,0,-0.136743796849583,0.2
680,"ALA",26.201,-2.21,-50.217,"C-domain","CD",0.10515247108307,50.5783385909569,3.47721433639526,"A",76.9230769230769,0,-0.136743796849583,-1.6
681,"SER",26.257,-5.588,-48.331,"C-domain","CD",0.10515247108307,62.7760252365931,3.24991989135742,"S",38.4615384615385,0,-0.136743796849583,-0.6
682,"ASP",23.289,-7.968,-49.066,"C-domain","CD",0,99.4742376445846,3.28669619560242,"D",15.3846153846154,0,-1.13574479585058,9.2
683,"SER",24.247,-9.747,-45.72,"C-domain","CD",0.10515247108307,65.5099894847529,3.01446557044983,"S",15.3846153846154,0,-0.136743796849583,-0.6
684,"LYS",22.185,-9.378,-42.594,"C-domain","CD",0,78.9695057833859,2.34847474098206,"K",15.3846153846154,0,0.860750610483132,8.8
685,"THR",25.137,-9.272,-40.133,"C-domain","CD",0,71.5036803364879,2.73427319526672,"T",15.3846153846154,0,-0.136743796849583,-1.2
686,"GLU",26.326,-5.785,-41.362,"C-domain","CD",0,99.8948475289169,2.95128512382507,"E",15.3846153846154,0,-1.13574479585058,8.2
687,"CYS",23.134,-3.83,-40.57,"C-domain","CD",0,5.88853838065195,2.29255366325378,"C",15.3846153846154,2,-0.210331352967156,-2
688,"THR",22.29,-5.924,-37.355,"C-domain","CD",0,55.6256572029443,1.77219927310944,"T",76.9230769230769,2,-0.136743796849583,-1.2
689,"ALA",24.016,-4.614,-34.207,"C-domain","CD",0.10515247108307,47.739221871714,2.14072966575623,"A",23.0769230769231,1,-0.136743796849583,-1.6
690,"LEU",24.808,-7.988,-32.396,"C-domain","CD",0,98.9484752891693,2.90574312210083,"L",61.5384615384615,0,-0.136743796849583,-2.8
